method,lambda,seed,cap,alpha,imbalance,n_groups,test_regret_normalized,test_fairness,test_pred_mse
FDFL-0.1,0.0,11,linear,2.0,0.0,2.0,0.2928734885990016,0.2385654998383651,3.1692837033663253
FDFL-0.1,1.0,11,linear,2.0,0.0,2.0,0.2928625485941064,0.2383785891032387,3.1658100956384305
FDFL-0.1,0.0,22,linear,2.0,0.0,2.0,0.1714386064867615,0.0607724679534894,0.5764524263105155
FDFL-0.1,1.0,22,linear,2.0,0.0,2.0,0.1714328358042681,0.0606964169411408,0.5755342078711114
FDFL-0.1,0.0,33,linear,2.0,0.0,2.0,0.2838642149733877,0.102564309590226,1.2582067953618723
FDFL-0.1,1.0,33,linear,2.0,0.0,2.0,0.2838595040694835,0.1024191743166924,1.2564095825802812
FDFL-0.1,0.0,44,linear,2.0,0.0,2.0,0.1699145189181306,0.2770007462976664,2.6971076376491125
FDFL-0.1,1.0,44,linear,2.0,0.0,2.0,0.1699089101852059,0.276602420174665,2.690172980623257
FDFL-0.1,0.0,55,linear,2.0,0.0,2.0,0.2144761984872167,0.2349143576701809,2.9924637139110364
FDFL-0.1,1.0,55,linear,2.0,0.0,2.0,0.2144916367999757,0.233987634427839,2.9760909729426053
FDFL-0.5,0.0,11,linear,2.0,0.0,2.0,0.2929724325820502,0.2377729482145129,3.150488268420074
FDFL-0.5,1.0,11,linear,2.0,0.0,2.0,0.2929642031982672,0.2375842790589434,3.1469521192334096
FDFL-0.5,0.0,22,linear,2.0,0.0,2.0,0.1714452558016347,0.0604386542689301,0.572428986255461
FDFL-0.5,1.0,22,linear,2.0,0.0,2.0,0.1714376371179402,0.0603628739750246,0.5715194192506778
FDFL-0.5,0.0,33,linear,2.0,0.0,2.0,0.2837431424268313,0.1020571790347896,1.2507635435553128
FDFL-0.5,1.0,33,linear,2.0,0.0,2.0,0.2837301674055667,0.1019130418821677,1.2489926714539217
FDFL-0.5,0.0,44,linear,2.0,0.0,2.0,0.1702285352835754,0.2733107354791295,2.6348125668184266
FDFL-0.5,1.0,44,linear,2.0,0.0,2.0,0.1700713866570337,0.2728969717193455,2.627971976343324
FDFL-0.5,0.0,55,linear,2.0,0.0,2.0,0.2144646958822815,0.2296688850501899,2.8851178154823014
FDFL-0.5,1.0,55,linear,2.0,0.0,2.0,0.2144637352257286,0.228714816059549,2.868918047551972
FDFL-Scal,0.0,11,linear,2.0,0.0,2.0,0.2940819078056554,0.236776449337886,3.126622319689796
FDFL-Scal,1.0,11,linear,2.0,0.0,2.0,0.2939739887260313,0.2365846620442766,3.1230074368835523
FDFL-Scal,0.0,22,linear,2.0,0.0,2.0,0.1714482849728767,0.0600234042913621,0.5674547343472536
FDFL-Scal,1.0,22,linear,2.0,0.0,2.0,0.1714401846972481,0.0599484107186857,0.5665574170404662
FDFL-Scal,0.0,33,linear,2.0,0.0,2.0,0.2838717022015219,0.1014321299485193,1.2416472470950235
FDFL-Scal,1.0,33,linear,2.0,0.0,2.0,0.2838858478856628,0.1012897666900691,1.2399096799280132
FDFL-Scal,0.0,44,linear,2.0,0.0,2.0,0.169783817415089,0.2689300491179339,2.5573111110968667
FDFL-Scal,1.0,44,linear,2.0,0.0,2.0,0.1696484591368715,0.2685118573023547,2.550601604889716
FDFL-Scal,0.0,55,linear,2.0,0.0,2.0,0.2143936819615348,0.2230239532106193,2.754016942603557
FDFL-Scal,1.0,55,linear,2.0,0.0,2.0,0.2144027444492072,0.2220782348360914,2.7387141239642063
FDFL,0.0,11,linear,2.0,0.0,2.0,0.2928276457892343,0.2387632263468209,3.173939564380944
FDFL,1.0,11,linear,2.0,0.0,2.0,0.2928097908380124,0.2385765746188052,3.170481753354908
FDFL,0.0,22,linear,2.0,0.0,2.0,0.1714366203467686,0.060856025687854,0.5774636825875322
FDFL,1.0,22,linear,2.0,0.0,2.0,0.1714309741807347,0.0607799385721509,0.5765434519855032
FDFL,0.0,33,linear,2.0,0.0,2.0,0.2838778067453278,0.1026919037081948,1.2600882266183413
FDFL,1.0,33,linear,2.0,0.0,2.0,0.283865084591607,0.1025465541905954,1.258284397582721
FDFL,0.0,44,linear,2.0,0.0,2.0,0.1698389023079969,0.2779028368945525,2.712594114687183
FDFL,1.0,44,linear,2.0,0.0,2.0,0.1698662362494062,0.2775095626566187,2.705649201022419
FDFL,0.0,55,linear,2.0,0.0,2.0,0.2144634244625702,0.2361859722826839,3.019182007418228
FDFL,1.0,55,linear,2.0,0.0,2.0,0.2144791936108765,0.2352696543904391,3.0028402608523663
FPLG,0.0,11,linear,2.0,0.0,2.0,0.3048901803052975,0.2025789395599681,2.348673677174706
FPLG,1.0,11,linear,2.0,0.0,2.0,0.3069091461954806,0.201267861001891,2.3346099280659924
FPLG,0.0,22,linear,2.0,0.0,2.0,0.1743816054949488,0.0560653739530694,0.5165678009198362
FPLG,1.0,22,linear,2.0,0.0,2.0,0.1740651518710955,0.0557886838982826,0.5136856178583888
FPLG,0.0,33,linear,2.0,0.0,2.0,0.2674714633440012,0.0971805254166312,1.201261129486345
FPLG,1.0,33,linear,2.0,0.0,2.0,0.2668686971073666,0.0964399132194436,1.194460947349884
FPLG,0.0,44,linear,2.0,0.0,2.0,0.1730451114385424,0.2324700200709389,1.9748396814611229
FPLG,1.0,44,linear,2.0,0.0,2.0,0.1728797018254936,0.2310274427082549,1.961442490578404
FPLG,0.0,55,linear,2.0,0.0,2.0,0.2249608958280889,0.1952938113477252,2.306455223392226
FPLG,1.0,55,linear,2.0,0.0,2.0,0.2251403024715483,0.1930245820911651,2.286862099083075
FPTO,0.0,11,linear,2.0,0.0,2.0,0.3475024397434115,0.1839437234444107,1.9987198391510883
FPTO,1.0,11,linear,2.0,0.0,2.0,0.3429658339060796,0.1850418805697144,1.9848258825298053
FPTO,0.0,22,linear,2.0,0.0,2.0,0.2073719243194138,0.0468456003111428,0.4564782819939902
FPTO,1.0,22,linear,2.0,0.0,2.0,0.2099455852764647,0.0467132983699346,0.4556330663080262
FPTO,0.0,33,linear,2.0,0.0,2.0,0.368748377602607,0.0562584854324729,0.8908940016710769
FPTO,1.0,33,linear,2.0,0.0,2.0,0.3710601303157838,0.0553767028731884,0.8896079342923663
FPTO,0.0,44,linear,2.0,0.0,2.0,0.2750968819898144,0.2072293895151083,1.5449646548786238
FPTO,1.0,44,linear,2.0,0.0,2.0,0.3140301690807305,0.2062079690481481,1.537876685182084
FPTO,0.0,55,linear,2.0,0.0,2.0,0.2991312748955654,0.1881696681486806,1.6636873724008885
FPTO,1.0,55,linear,2.0,0.0,2.0,0.3092819505311489,0.1889052631456888,1.6586985978266198
MGDA,0.0,11,linear,2.0,0.0,2.0,0.5338148516396963,0.2970596395696901,3.6832165057657
MGDA,0.0,22,linear,2.0,0.0,2.0,0.3755593314127657,0.0754486086949613,0.9522087871988446
MGDA,0.0,33,linear,2.0,0.0,2.0,0.3756110245037526,0.1205330029101585,1.6786404156217338
MGDA,0.0,44,linear,2.0,0.0,2.0,0.4977918780771943,0.2098539789835169,1.9251613824630027
MGDA,0.0,55,linear,2.0,0.0,2.0,0.4431095464373201,0.2085136509989605,2.2979028874828007
NashMTL,0.0,11,linear,2.0,0.0,2.0,0.3062173989992273,0.183218291811346,2.03306738493792
NashMTL,0.0,22,linear,2.0,0.0,2.0,0.1725198262777801,0.0489125243266066,0.4483463890913035
NashMTL,0.0,33,linear,2.0,0.0,2.0,0.2585966274297984,0.0761738310469092,1.0101886944385337
NashMTL,0.0,44,linear,2.0,0.0,2.0,0.16810301248318,0.2020133999583053,1.651303435137623
NashMTL,0.0,55,linear,2.0,0.0,2.0,0.2217475111991056,0.1725595482531329,1.898943070891433
PCGrad,0.0,11,linear,2.0,0.0,2.0,0.3058497806099564,0.1751317481286688,1.963022053515033
PCGrad,0.0,22,linear,2.0,0.0,2.0,0.1772888634360587,0.04568901140118,0.4432224723125291
PCGrad,0.0,33,linear,2.0,0.0,2.0,0.2716797260598579,0.062031162122619,0.9493163039136328
PCGrad,0.0,44,linear,2.0,0.0,2.0,0.2013456854228505,0.1894068355795579,1.5471816747357898
PCGrad,0.0,55,linear,2.0,0.0,2.0,0.2306837856710374,0.175211964533421,1.746372930092358
SAA,0.0,11,linear,2.0,0.0,2.0,0.731802046391068,0.2902024518306756,3.5763886931512614
SAA,0.0,22,linear,2.0,0.0,2.0,0.5956690017432641,0.0827118846506374,1.022739255441217
SAA,0.0,33,linear,2.0,0.0,2.0,0.7119053491237897,0.1195281372023616,1.8162441902820043
SAA,0.0,44,linear,2.0,0.0,2.0,0.552215834303204,0.2385082989769053,2.3183995146705443
SAA,0.0,55,linear,2.0,0.0,2.0,0.7278724121798753,0.2042281802714254,3.3062427026241026
WDRO,0.0,11,linear,2.0,0.0,2.0,0.3380206753503701,0.1886934826975747,2.02420154590947
WDRO,0.0,22,linear,2.0,0.0,2.0,0.2081777410207815,0.0478156857496039,0.4755451367498217
WDRO,0.0,33,linear,2.0,0.0,2.0,0.3703714799389274,0.0617845347472593,0.9138761134896533
WDRO,0.0,44,linear,2.0,0.0,2.0,0.2824755084588214,0.2178049270251205,1.5597703070720337
WDRO,0.0,55,linear,2.0,0.0,2.0,0.2910634879234398,0.1868612682517029,1.6888042817610516
FDFL-0.1,0.0,11,linear,2.0,0.2,2.0,0.3274876691602749,0.2633224482970387,3.3699044964831426
FDFL-0.1,1.0,11,linear,2.0,0.2,2.0,0.3275699086246151,0.262863428424934,3.3639890912618755
FDFL-0.1,0.0,22,linear,2.0,0.2,2.0,0.1884398703152985,0.102134880765905,0.6176958758271627
FDFL-0.1,1.0,22,linear,2.0,0.2,2.0,0.1888346339000823,0.1017926569857174,0.6163781023577672
FDFL-0.1,0.0,33,linear,2.0,0.2,2.0,0.2987201216558736,0.1209992968493612,1.351671300361326
FDFL-0.1,1.0,33,linear,2.0,0.2,2.0,0.2981570922742093,0.1207189604605492,1.3499096650691036
FDFL-0.1,0.0,44,linear,2.0,0.2,2.0,0.1876453344003242,0.4276965692869724,2.7008141049941665
FDFL-0.1,1.0,44,linear,2.0,0.2,2.0,0.1876005960668099,0.4266750407662422,2.691481463265516
FDFL-0.1,0.0,55,linear,2.0,0.2,2.0,0.2420525100386088,0.2706016667185716,3.050763054225724
FDFL-0.1,1.0,55,linear,2.0,0.2,2.0,0.2418610841033648,0.2681424348883612,3.025549825712381
FDFL-0.5,0.0,11,linear,2.0,0.2,2.0,0.3275580320145159,0.2619588906348826,3.3496582526279752
FDFL-0.5,1.0,11,linear,2.0,0.2,2.0,0.3276115316364155,0.2615012819348366,3.34370452428818
FDFL-0.5,0.0,22,linear,2.0,0.2,2.0,0.1888472855805821,0.1015259382349871,0.6151990023477278
FDFL-0.5,1.0,22,linear,2.0,0.2,2.0,0.1888348071376961,0.1011826542962946,0.6138886980320449
FDFL-0.5,0.0,33,linear,2.0,0.2,2.0,0.2980986061923806,0.1202023924638632,1.3459916449547238
FDFL-0.5,1.0,33,linear,2.0,0.2,2.0,0.2983103473902018,0.1199258882427278,1.3442656845579135
FDFL-0.5,0.0,44,linear,2.0,0.2,2.0,0.1877886170026921,0.4214171378901132,2.646194917364445
FDFL-0.5,1.0,44,linear,2.0,0.2,2.0,0.1868863527114318,0.4202804936371319,2.635431710634739
FDFL-0.5,0.0,55,linear,2.0,0.2,2.0,0.242378730754888,0.2604519913973274,2.9386488804986106
FDFL-0.5,1.0,55,linear,2.0,0.2,2.0,0.2419646198659962,0.2579099165739544,2.913987776932665
FDFL-Scal,0.0,11,linear,2.0,0.2,2.0,0.3277196204839065,0.2602570020553332,3.3241026460069207
FDFL-Scal,1.0,11,linear,2.0,0.2,2.0,0.3277798662857529,0.2598005278722809,3.318092872863033
FDFL-Scal,0.0,22,linear,2.0,0.2,2.0,0.1888574072177143,0.1007661650641012,0.6121150364373362
FDFL-Scal,1.0,22,linear,2.0,0.2,2.0,0.1888451821482538,0.1004216817041599,0.6108145217476665
FDFL-Scal,0.0,33,linear,2.0,0.2,2.0,0.2984141129845706,0.1192274552376449,1.339084655856266
FDFL-Scal,1.0,33,linear,2.0,0.2,2.0,0.2983737169684251,0.1189592462336951,1.3374111639115602
FDFL-Scal,0.0,44,linear,2.0,0.2,2.0,0.1872305793122063,0.4130779741985985,2.574083352913315
FDFL-Scal,1.0,44,linear,2.0,0.2,2.0,0.1912340526511844,0.4129012766150035,2.5641071211147994
FDFL-Scal,0.0,55,linear,2.0,0.2,2.0,0.2424367365253456,0.2475546568245671,2.806077902853305
FDFL-Scal,1.0,55,linear,2.0,0.2,2.0,0.242335204653821,0.2450382752486677,2.783487911535231
FDFL,0.0,11,linear,2.0,0.2,2.0,0.3275591578960607,0.263663700786123,3.374939550893524
FDFL,1.0,11,linear,2.0,0.2,2.0,0.3276280448659602,0.2632042313412394,3.369033077903869
FDFL,0.0,22,linear,2.0,0.2,2.0,0.1884423711489788,0.1022872882512947,0.6183243297442307
FDFL,1.0,22,linear,2.0,0.2,2.0,0.1884246367661149,0.1019453371884121,0.6170047174317842
FDFL,0.0,33,linear,2.0,0.2,2.0,0.2987364760752525,0.1211997728908942,1.3531097374676444
FDFL,1.0,33,linear,2.0,0.2,2.0,0.2987173829559987,0.1209189929800396,1.3513410229580238
FDFL,0.0,44,linear,2.0,0.2,2.0,0.1876273596343345,0.4292264445751134,2.714485690032126
FDFL,1.0,44,linear,2.0,0.2,2.0,0.1876722229997376,0.4282263611157532,2.7053494926783204
FDFL,0.0,55,linear,2.0,0.2,2.0,0.2420718698372033,0.2730856513313816,3.079001765304762
FDFL,1.0,55,linear,2.0,0.2,2.0,0.2420738912020349,0.2706381314668895,3.053814983439729
FPLG,0.0,11,linear,2.0,0.2,2.0,0.3347250983073711,0.2138214134630488,2.548123948927656
FPLG,1.0,11,linear,2.0,0.2,2.0,0.3351949147724403,0.2122291800140257,2.529499279963532
FPLG,0.0,22,linear,2.0,0.2,2.0,0.1985333211543118,0.0811580653054073,0.5645590734648754
FPLG,1.0,22,linear,2.0,0.2,2.0,0.1985977289326831,0.0790486371639966,0.5589133208678024
FPLG,0.0,33,linear,2.0,0.2,2.0,0.2894685569983142,0.1050926906896745,1.295982905631395
FPLG,1.0,33,linear,2.0,0.2,2.0,0.2883583892956266,0.1039905909000991,1.290160202292261
FPLG,0.0,44,linear,2.0,0.2,2.0,0.2060778694981907,0.3300442745803345,2.095273565557816
FPLG,1.0,44,linear,2.0,0.2,2.0,0.2060944560925538,0.3285423604155852,2.081965935393797
FPLG,0.0,55,linear,2.0,0.2,2.0,0.2475020194418574,0.2090725372026718,2.4354325143146096
FPLG,1.0,55,linear,2.0,0.2,2.0,0.2477909930809077,0.2062177856002557,2.412729928243303
FPTO,0.0,11,linear,2.0,0.2,2.0,0.371334383849837,0.1875041243502456,2.155062015749716
FPTO,1.0,11,linear,2.0,0.2,2.0,0.3746053414797493,0.1865084457411897,2.147851726213663
FPTO,0.0,22,linear,2.0,0.2,2.0,0.2348752385080014,0.0542729119410241,0.5024102129086043
FPTO,1.0,22,linear,2.0,0.2,2.0,0.2343725409338902,0.052696011679264,0.5023242752457546
FPTO,0.0,33,linear,2.0,0.2,2.0,0.3826252749671477,0.0705998661323158,0.9956320798644238
FPTO,1.0,33,linear,2.0,0.2,2.0,0.3871557322610621,0.0708795437311949,0.994461654193152
FPTO,0.0,44,linear,2.0,0.2,2.0,0.3082215347462723,0.2488085756441134,1.6350983262730656
FPTO,1.0,44,linear,2.0,0.2,2.0,0.336746570674346,0.2436590355820088,1.6240128025896066
FPTO,0.0,55,linear,2.0,0.2,2.0,0.3179146795458898,0.186102308148,1.80776407899932
FPTO,1.0,55,linear,2.0,0.2,2.0,0.3277176237729943,0.1890069935746532,1.8001690752490254
MGDA,0.0,11,linear,2.0,0.2,2.0,0.5908851392052045,0.3203597310391073,3.763035214173813
MGDA,0.0,22,linear,2.0,0.2,2.0,0.3881142951126874,0.090960827447233,1.0074752787597805
MGDA,0.0,33,linear,2.0,0.2,2.0,0.4009698809327303,0.1373291829313916,1.7506757242080098
MGDA,0.0,44,linear,2.0,0.2,2.0,0.4848706340928984,0.2439747442446623,1.9602765511922065
MGDA,0.0,55,linear,2.0,0.2,2.0,0.4411638834541561,0.2306984804600147,2.4471423426028576
NashMTL,0.0,11,linear,2.0,0.2,2.0,0.3366352620638007,0.1909691418820965,2.1927958492384723
NashMTL,0.0,22,linear,2.0,0.2,2.0,0.1939836711134177,0.0563535332982848,0.486747869646922
NashMTL,0.0,33,linear,2.0,0.2,2.0,0.2838660145232952,0.0763042350540603,1.0959355810671254
NashMTL,0.0,44,linear,2.0,0.2,2.0,0.210410556164123,0.2613169132568593,1.757566354039994
NashMTL,0.0,55,linear,2.0,0.2,2.0,0.2539853055594242,0.1758025923144389,2.0660514611304657
PCGrad,0.0,11,linear,2.0,0.2,2.0,0.3428894669075432,0.1789538995229369,2.1263685874300258
PCGrad,0.0,22,linear,2.0,0.2,2.0,0.2092400528214554,0.0426917345999406,0.4803179401257605
PCGrad,0.0,33,linear,2.0,0.2,2.0,0.2989304807851313,0.0731077978880635,1.0629766273998054
PCGrad,0.0,44,linear,2.0,0.2,2.0,0.2285975754855501,0.2344630621636569,1.61425998799404
PCGrad,0.0,55,linear,2.0,0.2,2.0,0.2547447868698355,0.176265198159441,1.871884690027388
SAA,0.0,11,linear,2.0,0.2,2.0,0.7239756294282335,0.2948265883651988,3.725311238834924
SAA,0.0,22,linear,2.0,0.2,2.0,0.5955605891778515,0.1220893452354967,1.0761319593331644
SAA,0.0,33,linear,2.0,0.2,2.0,0.7111300742481586,0.138942884736641,1.9186148207966127
SAA,0.0,44,linear,2.0,0.2,2.0,0.5554700744411838,0.2783045968070581,2.3840487530019567
SAA,0.0,55,linear,2.0,0.2,2.0,0.729571114843917,0.2013664288769559,3.425929879035532
WDRO,0.0,11,linear,2.0,0.2,2.0,0.370522033754557,0.1945895783817094,2.1814601312963924
WDRO,0.0,22,linear,2.0,0.2,2.0,0.2327383688759008,0.0580433012777469,0.5236952107885473
WDRO,0.0,33,linear,2.0,0.2,2.0,0.3812561075961183,0.0694645637506849,1.0212202076131036
WDRO,0.0,44,linear,2.0,0.2,2.0,0.3032455248209496,0.2703454311849364,1.6456086944507655
WDRO,0.0,55,linear,2.0,0.2,2.0,0.3113432299059379,0.1800901048548514,1.8350880657912776
FDFL-0.1,0.0,11,linear,2.0,0.4,2.0,0.3485085899311747,0.3041278749975096,3.610743924794319
FDFL-0.1,1.0,11,linear,2.0,0.4,2.0,0.3487228812706223,0.3032751390718906,3.601630581168675
FDFL-0.1,0.0,22,linear,2.0,0.4,2.0,0.2111937366507862,0.1672592235493519,0.7061489939808847
FDFL-0.1,1.0,22,linear,2.0,0.4,2.0,0.2111315286026684,0.1656384505311131,0.7024088943476333
FDFL-0.1,0.0,33,linear,2.0,0.4,2.0,0.3192231971199549,0.1425387573807854,1.5344466130593442
FDFL-0.1,1.0,33,linear,2.0,0.4,2.0,0.3191355147197052,0.1419261101043721,1.5310711329044149
FDFL-0.1,0.0,44,linear,2.0,0.4,2.0,0.2208927050640423,0.6429522701864084,2.8320181415762726
FDFL-0.1,1.0,44,linear,2.0,0.4,2.0,0.2224471138866631,0.6384465955841487,2.808582881356021
FDFL-0.1,0.0,55,linear,2.0,0.4,2.0,0.2669626157964361,0.3698707900299126,3.242795679653945
FDFL-0.1,1.0,55,linear,2.0,0.4,2.0,0.2664784131584143,0.3632738808595591,3.2036362982658746
FDFL-0.5,0.0,11,linear,2.0,0.4,2.0,0.3479996961982252,0.3020711703236193,3.587276025737119
FDFL-0.5,1.0,11,linear,2.0,0.4,2.0,0.348397339283592,0.3011971373247795,3.577946077929349
FDFL-0.5,0.0,22,linear,2.0,0.4,2.0,0.2111533654805842,0.1657351968182585,0.7023829953783539
FDFL-0.5,1.0,22,linear,2.0,0.4,2.0,0.2111751140400504,0.1641069736649846,0.6986599208049468
FDFL-0.5,0.0,33,linear,2.0,0.4,2.0,0.31910284806973,0.1411944040309895,1.5267442550875878
FDFL-0.5,1.0,33,linear,2.0,0.4,2.0,0.3188217937204154,0.1405773736179807,1.5234386382822618
FDFL-0.5,0.0,44,linear,2.0,0.4,2.0,0.2232529734929963,0.6287925558556627,2.761667557955098
FDFL-0.5,1.0,44,linear,2.0,0.4,2.0,0.2214734709061659,0.6316384595464651,2.775953496005471
FDFL-0.5,0.0,55,linear,2.0,0.4,2.0,0.2689982912346934,0.3609485229038925,3.157493343359024
FDFL-0.5,1.0,55,linear,2.0,0.4,2.0,0.2644891544434544,0.3596309925102173,3.139667477347525
FDFL-Scal,0.0,11,linear,2.0,0.4,2.0,0.3493315089903575,0.2994141091447095,3.557089761231004
FDFL-Scal,1.0,11,linear,2.0,0.4,2.0,0.3494523057937695,0.2985116546013376,3.5475038274118016
FDFL-Scal,0.0,22,linear,2.0,0.4,2.0,0.2112133013884207,0.1638170905944614,0.6976977609472291
FDFL-Scal,1.0,22,linear,2.0,0.4,2.0,0.2112573350857584,0.1621754522200127,0.6939886034198108
FDFL-Scal,0.0,33,linear,2.0,0.4,2.0,0.3187882175178264,0.1395216384060519,1.5173996927587687
FDFL-Scal,1.0,33,linear,2.0,0.4,2.0,0.3179533094751725,0.1388991296480186,1.5141816549464095
FDFL-Scal,0.0,44,linear,2.0,0.4,2.0,0.2186920597916316,0.6141769745823704,2.7011153108758776
FDFL-Scal,1.0,44,linear,2.0,0.4,2.0,0.2157651084980775,0.6090507494576459,2.681809548810651
FDFL-Scal,0.0,55,linear,2.0,0.4,2.0,0.2648585456659472,0.3430910344038914,3.046967200295699
FDFL-Scal,1.0,55,linear,2.0,0.4,2.0,0.2649521970123327,0.3366396055888742,3.0129599948865406
FDFL,0.0,11,linear,2.0,0.4,2.0,0.3489199846310663,0.3046333706313626,3.6165141913396943
FDFL,1.0,11,linear,2.0,0.4,2.0,0.3490555448419434,0.3037854938022694,3.607456935317281
FDFL,0.0,22,linear,2.0,0.4,2.0,0.2111734336396823,0.1676388142074938,0.7070929426332561
FDFL,1.0,22,linear,2.0,0.4,2.0,0.2111053733195867,0.1660197987608739,0.7033484953026615
FDFL,0.0,33,linear,2.0,0.4,2.0,0.3193444801624386,0.1428772672812321,1.5364034175220431
FDFL,1.0,33,linear,2.0,0.4,2.0,0.319174719042202,0.1422643725161178,1.5330105891115455
FDFL,0.0,44,linear,2.0,0.4,2.0,0.2201074312813479,0.6465984832525328,2.8494404430086244
FDFL,1.0,44,linear,2.0,0.4,2.0,0.2219579763828899,0.6420918403192878,2.8265121108867053
FDFL,0.0,55,linear,2.0,0.4,2.0,0.2675088167760828,0.3740474985007174,3.268073520340632
FDFL,1.0,55,linear,2.0,0.4,2.0,0.2675608540915668,0.3674412114122817,3.228026427197208
FPLG,0.0,11,linear,2.0,0.4,2.0,0.3659003028521305,0.2262355844899937,2.778563869390458
FPLG,1.0,11,linear,2.0,0.4,2.0,0.365898102012715,0.2234358854125586,2.7492862826901754
FPLG,0.0,22,linear,2.0,0.4,2.0,0.2199587917698868,0.1092296500030969,0.6274060487465486
FPLG,1.0,22,linear,2.0,0.4,2.0,0.2203794690059667,0.1006900032705735,0.6170249662617439
FPLG,0.0,33,linear,2.0,0.4,2.0,0.3119616962749545,0.1088788872538971,1.4179785459645835
FPLG,1.0,33,linear,2.0,0.4,2.0,0.3119286972850491,0.1064221539489709,1.4088786144253795
FPLG,0.0,44,linear,2.0,0.4,2.0,0.2320632267366646,0.4730268042842923,2.2178609242980936
FPLG,1.0,44,linear,2.0,0.4,2.0,0.2334690025014109,0.4624512935129686,2.1918249672973835
FPLG,0.0,55,linear,2.0,0.4,2.0,0.2961537692163883,0.2477596855990733,2.602449408182057
FPLG,1.0,55,linear,2.0,0.4,2.0,0.2955660431946383,0.2376311159370097,2.5609897410281164
FPTO,0.0,11,linear,2.0,0.4,2.0,0.3996571434121038,0.1895997908808303,2.3394339598106244
FPTO,1.0,11,linear,2.0,0.4,2.0,0.4006489741948061,0.1876982674104535,2.338985970474217
FPTO,0.0,22,linear,2.0,0.4,2.0,0.2430795451677186,0.0628727648164355,0.5630197032019463
FPTO,1.0,22,linear,2.0,0.4,2.0,0.2426713403471419,0.0573405256568931,0.5640889181551999
FPTO,0.0,33,linear,2.0,0.4,2.0,0.379328706557013,0.0941025053083409,1.1202717408273173
FPTO,1.0,33,linear,2.0,0.4,2.0,0.3814315845471577,0.0948511993743788,1.1189021716637286
FPTO,0.0,44,linear,2.0,0.4,2.0,0.3160715057470414,0.3023608071213329,1.7558901500222828
FPTO,1.0,44,linear,2.0,0.4,2.0,0.3476428725753425,0.2941558002731003,1.7573916063068442
FPTO,0.0,55,linear,2.0,0.4,2.0,0.3431064507219363,0.1862594917432666,1.9814652201934788
FPTO,1.0,55,linear,2.0,0.4,2.0,0.3474946054985619,0.1914735690850575,1.976694974749979
MGDA,0.0,11,linear,2.0,0.4,2.0,0.5756410848034659,0.3513516073930187,3.876277197757111
MGDA,0.0,22,linear,2.0,0.4,2.0,0.3643100581721994,0.1063177917397763,1.0351795077909507
MGDA,0.0,33,linear,2.0,0.4,2.0,0.4392635197900011,0.1657462416854959,1.890132342604752
MGDA,0.0,44,linear,2.0,0.4,2.0,0.4237836305762926,0.4405766951167417,2.3333392729016835
MGDA,0.0,55,linear,2.0,0.4,2.0,0.4095558281528955,0.2362641289503198,2.6446701045692778
NashMTL,0.0,11,linear,2.0,0.4,2.0,0.3725184327340226,0.1884902070111407,2.3530089235574807
NashMTL,0.0,22,linear,2.0,0.4,2.0,0.2178761107620239,0.0633041522392479,0.5494102032173924
NashMTL,0.0,33,linear,2.0,0.4,2.0,0.3123182595746897,0.0964615899193723,1.2547269887325343
NashMTL,0.0,44,linear,2.0,0.4,2.0,0.2461588422972752,0.3489933560069835,1.8815707227057537
NashMTL,0.0,55,linear,2.0,0.4,2.0,0.2969037009606999,0.1820178405887718,2.221526139959115
PCGrad,0.0,11,linear,2.0,0.4,2.0,0.3694019464184586,0.1803036230510716,2.301550153613324
PCGrad,0.0,22,linear,2.0,0.4,2.0,0.232189922632863,0.0514425806036631,0.5353013708878316
PCGrad,0.0,33,linear,2.0,0.4,2.0,0.3289916879800998,0.0894030759687231,1.205102998996171
PCGrad,0.0,44,linear,2.0,0.4,2.0,0.2369247420994345,0.2851761524899261,1.7817500819047123
PCGrad,0.0,55,linear,2.0,0.4,2.0,0.3026937341190114,0.1806093685123879,2.0400942847894887
SAA,0.0,11,linear,2.0,0.4,2.0,0.7157383350318461,0.3041178302573325,3.902624527417253
SAA,0.0,22,linear,2.0,0.4,2.0,0.5948499296586732,0.1678365872444244,1.1447435195904243
SAA,0.0,33,linear,2.0,0.4,2.0,0.7068889293051515,0.1626707708821563,2.0451591646851743
SAA,0.0,44,linear,2.0,0.4,2.0,0.5551638469548851,0.3200367557907635,2.47577154462866
SAA,0.0,55,linear,2.0,0.4,2.0,0.7253310487012222,0.2101535906970011,3.5722294114251016
WDRO,0.0,11,linear,2.0,0.4,2.0,0.3932320782795311,0.1993145167006428,2.366877273103076
WDRO,0.0,22,linear,2.0,0.4,2.0,0.2456911587155049,0.0698140113070298,0.5865118438009644
WDRO,0.0,33,linear,2.0,0.4,2.0,0.3837076515893678,0.084717534446813,1.1487985768964375
WDRO,0.0,44,linear,2.0,0.4,2.0,0.317797954203632,0.3366841778478365,1.7627955674970666
WDRO,0.0,55,linear,2.0,0.4,2.0,0.3417297071222711,0.1773532383047307,2.0108358229799217
FDFL-0.1,0.0,11,linear,2.0,0.6,,0.3667145670996395,0.3615092292807478,3.834833256755592
FDFL-0.1,1.0,11,linear,2.0,0.6,,0.366402022646783,0.3589063267308562,3.818831869846812
FDFL-0.1,0.0,22,linear,2.0,0.6,,0.2161901474468552,0.220934927293512,0.7839539267698427
FDFL-0.1,1.0,22,linear,2.0,0.6,,0.216049641855886,0.213897614812349,0.7727714633888018
FDFL-0.1,0.0,33,linear,2.0,0.6,,0.3422494370212133,0.1829266625925729,1.750222722895029
FDFL-0.1,1.0,33,linear,2.0,0.6,,0.3423237399795104,0.1810326903036362,1.7434365596784582
FDFL-0.1,0.0,44,linear,2.0,0.6,,0.2270302654858248,0.8465507112278512,2.8857351309368453
FDFL-0.1,1.0,44,linear,2.0,0.6,,0.2264303462948396,0.8324486140778286,2.8384856022655867
FDFL-0.1,0.0,55,linear,2.0,0.6,,0.284590931197931,0.4729930636307168,3.367714107483549
FDFL-0.1,1.0,55,linear,2.0,0.6,,0.2849008110665348,0.4606984950387481,3.319580724150839
FDFL-0.5,0.0,11,linear,2.0,0.6,,0.3664555648210189,0.3565789056946494,3.804045328197631
FDFL-0.5,1.0,11,linear,2.0,0.6,,0.3664159454229329,0.3540463675486004,3.7869214863511833
FDFL-0.5,0.0,22,linear,2.0,0.6,,0.2161160111850842,0.2170413253887267,0.7773045760967494
FDFL-0.5,1.0,22,linear,2.0,0.6,,0.2162546535156496,0.209989890957769,0.766303811419037
FDFL-0.5,0.0,33,linear,2.0,0.6,,0.342281990775418,0.1798367334608249,1.7386048921953134
FDFL-0.5,1.0,33,linear,2.0,0.6,,0.3423803171010828,0.1780342845488649,1.7318435219322177
FDFL-0.5,0.0,44,linear,2.0,0.6,,0.2267776387462323,0.821538012477871,2.802823655317178
FDFL-0.5,1.0,44,linear,2.0,0.6,,0.2269114306541676,0.807502446842568,2.7574649434096727
FDFL-0.5,0.0,55,linear,2.0,0.6,,0.2851139814866675,0.4526078424092146,3.287620202969268
FDFL-0.5,1.0,55,linear,2.0,0.6,,0.2854380724350923,0.4399358487690472,3.2405028261193243
FDFL-Scal,0.0,11,linear,2.0,0.6,,0.3674641520353399,0.3507295770156012,3.762496489475254
FDFL-Scal,1.0,11,linear,2.0,0.6,,0.3671722004466951,0.3481932568417968,3.7443936069147257
FDFL-Scal,0.0,22,linear,2.0,0.6,,0.2161072581749752,0.2121103150341885,0.769078851818268
FDFL-Scal,1.0,22,linear,2.0,0.6,,0.2160995780068259,0.2049719787315923,0.758219445937775
FDFL-Scal,0.0,33,linear,2.0,0.6,,0.3422806113310847,0.1761267960415294,1.7243597596206008
FDFL-Scal,1.0,33,linear,2.0,0.6,,0.3423819561471997,0.1743015232005843,1.7176828775855215
FDFL-Scal,0.0,44,linear,2.0,0.6,,0.2269599227901177,0.7915114256796677,2.707072549076691
FDFL-Scal,1.0,44,linear,2.0,0.6,,0.2272382481181186,0.7780870227115166,2.665670581894456
FDFL-Scal,0.0,55,linear,2.0,0.6,,0.2854925590673618,0.4267410171675138,3.191638522298724
FDFL-Scal,1.0,55,linear,2.0,0.6,,0.2856146542733798,0.4140795159173471,3.1464026844857496
FDFL,0.0,11,linear,2.0,0.6,,0.3667889091811807,0.3626781451175224,3.842298522841377
FDFL,1.0,11,linear,2.0,0.6,,0.366637115670329,0.3601390923653688,3.826446315082209
FDFL,0.0,22,linear,2.0,0.6,,0.2162007869331672,0.2218997108284208,0.7856228429648326
FDFL,1.0,22,linear,2.0,0.6,,0.2161086535284798,0.2148702438431399,0.7744007725070426
FDFL,0.0,33,linear,2.0,0.6,,0.3422604699148971,0.1837169468965754,1.7531410995420946
FDFL,1.0,33,linear,2.0,0.6,,0.3422921145922157,0.1818137990750001,1.7463580747331116
FDFL,0.0,44,linear,2.0,0.6,,0.2269802990633029,0.8528526468503362,2.9070638745175272
FDFL,1.0,44,linear,2.0,0.6,,0.2271110254834616,0.8388096341951671,2.8595942212985976
FDFL,0.0,55,linear,2.0,0.6,,0.2845385177615755,0.4779828592748243,3.387943161141235
FDFL,1.0,55,linear,2.0,0.6,,0.2848248840421787,0.4658431196618204,3.33981354624057
FPLG,0.0,11,linear,2.0,0.6,,0.3803343063740275,0.2340562382675004,2.972255956460025
FPLG,1.0,11,linear,2.0,0.6,,0.3805198390325645,0.2280656111260058,2.9352096067396216
FPLG,0.0,22,linear,2.0,0.6,,0.2281380757298395,0.1404240903894936,0.710822251105106
FPLG,1.0,22,linear,2.0,0.6,,0.2284195320175061,0.1211034354644565,0.6944435533744713
FPLG,0.0,33,linear,2.0,0.6,,0.3353395625147561,0.127273407187504,1.5576887830569497
FPLG,1.0,33,linear,2.0,0.6,,0.3348762522884821,0.1230140919056834,1.541644670554684
FPLG,0.0,44,linear,2.0,0.6,,0.234747225341755,0.62733720766278,2.3400971875318373
FPLG,1.0,44,linear,2.0,0.6,,0.2332335073795423,0.599296507290669,2.2934128267633715
FPLG,0.0,55,linear,2.0,0.6,,0.2992572004702399,0.2861473076293711,2.789648817111692
FPLG,1.0,55,linear,2.0,0.6,,0.2992651165602044,0.2675586820213832,2.736508920041276
FPTO,0.0,11,linear,2.0,0.6,,0.41191030158759,0.1930913611236313,2.548820396653721
FPTO,1.0,11,linear,2.0,0.6,,0.4154556388974096,0.1908650960538133,2.555876689080378
FPTO,0.0,22,linear,2.0,0.6,,0.2520483722882776,0.0723715395502969,0.6375545672787133
FPTO,1.0,22,linear,2.0,0.6,,0.2508185828236312,0.0630588518442512,0.6409536586897525
FPTO,0.0,33,linear,2.0,0.6,,0.3895730496862099,0.1269598179957594,1.2625572576407305
FPTO,1.0,33,linear,2.0,0.6,,0.3876854404937756,0.1245594596408255,1.2627132890370822
FPTO,0.0,44,linear,2.0,0.6,,0.3165088961196904,0.3641341528585483,1.9051186883151403
FPTO,1.0,44,linear,2.0,0.6,,0.3435938569411175,0.3302411380148223,1.917945980998199
FPTO,0.0,55,linear,2.0,0.6,,0.3525656577026191,0.1883889828415862,2.1815654152513715
FPTO,1.0,55,linear,2.0,0.6,,0.3574961824490567,0.1960509504322554,2.1784886887661847
MGDA,0.0,11,linear,2.0,0.6,,0.6091560535446074,0.3824289482567631,4.1003040845140974
MGDA,0.0,22,linear,2.0,0.6,,0.4141145955717106,0.1271375579418617,1.188827304713544
MGDA,0.0,33,linear,2.0,0.6,,0.4562902568469288,0.1700040878620931,2.061611861211765
MGDA,0.0,44,linear,2.0,0.6,,0.4498262691045456,0.4851711267541028,2.8840811334072627
MGDA,0.0,55,linear,2.0,0.6,,0.4439543770035802,0.1829157598676967,2.7286350287670142
NashMTL,0.0,11,linear,2.0,0.6,,0.385158779841694,0.1880501161183209,2.589522462134713
NashMTL,0.0,22,linear,2.0,0.6,,0.2205765027601565,0.0705751912812926,0.6256509944862174
NashMTL,0.0,33,linear,2.0,0.6,,0.3392201935859942,0.116851194974897,1.3988571252953017
NashMTL,0.0,44,linear,2.0,0.6,,0.2333370609991259,0.4789080335185092,2.0797571986201806
NashMTL,0.0,55,linear,2.0,0.6,,0.3028023077744745,0.1956176097351192,2.461484286037807
PCGrad,0.0,11,linear,2.0,0.6,,0.3849676152597275,0.1802658275708964,2.547609671292774
PCGrad,0.0,22,linear,2.0,0.6,,0.2247031458829244,0.0594203261802086,0.6152604499984723
PCGrad,0.0,33,linear,2.0,0.6,,0.3462101568630601,0.1026413042320689,1.3588393877669052
PCGrad,0.0,44,linear,2.0,0.6,,0.245457190690288,0.3255819778289288,1.9596189232442964
PCGrad,0.0,55,linear,2.0,0.6,,0.3220264508490597,0.1951360120568681,2.254296925105433
SAA,0.0,11,linear,2.0,0.6,,0.7166031461265184,0.3170125210731843,4.104742611357003
SAA,0.0,22,linear,2.0,0.6,,0.5919237907672249,0.2202363160095923,1.2276499484778716
SAA,0.0,33,linear,2.0,0.6,,0.7039072088446033,0.1838468389604519,2.19356588230514
SAA,0.0,44,linear,2.0,0.6,,0.5491292019453379,0.3555755200672833,2.591598060908002
SAA,0.0,55,linear,2.0,0.6,,0.7206608293007745,0.2251679990582377,3.742062419016857
WDRO,0.0,11,linear,2.0,0.6,,0.4046872902594201,0.2036283668724025,2.577408325221391
WDRO,0.0,22,linear,2.0,0.6,,0.2547694835796171,0.0833878731989565,0.6635530566926139
WDRO,0.0,33,linear,2.0,0.6,,0.3953038756292465,0.1064918117864916,1.294321713868118
WDRO,0.0,44,linear,2.0,0.6,,0.3218592275000824,0.4131945866835101,1.9090581061548129
WDRO,0.0,55,linear,2.0,0.6,,0.3399692113341899,0.1786709735328355,2.2130443057800644
FDFL-0.1,0.0,11,linear,2.0,0.8,2.0,0.3662706254073352,0.3932282756404291,3.8972416919228032
FDFL-0.1,1.0,11,linear,2.0,0.8,2.0,0.3643316147156408,0.3875613708986807,3.871411931926792
FDFL-0.1,0.0,22,linear,2.0,0.8,2.0,0.2106342130213817,0.3040428278002986,0.915906871306084
FDFL-0.1,1.0,22,linear,2.0,0.8,2.0,0.2106542288145931,0.2847714460389364,0.8910815027192072
FDFL-0.1,0.0,33,linear,2.0,0.8,2.0,0.3119628880536612,0.1991303313936685,1.9062918291318016
FDFL-0.1,1.0,33,linear,2.0,0.8,2.0,0.3125153078793233,0.1931311841599222,1.892938621263009
FDFL-0.1,0.0,44,linear,2.0,0.8,2.0,0.2252055371943552,1.0685423714235245,3.1384350070655898
FDFL-0.1,1.0,44,linear,2.0,0.8,2.0,0.226456371808456,1.0269614354655026,3.042246348567176
FDFL-0.1,0.0,55,linear,2.0,0.8,2.0,0.3009034332227836,0.6460686520201455,3.7794421929256288
FDFL-0.1,1.0,55,linear,2.0,0.8,2.0,0.3010901169785248,0.610918115259331,3.683669762318607
FDFL-0.5,0.0,11,linear,2.0,0.8,2.0,0.3648505818372756,0.3849981679227758,3.8579916676960697
FDFL-0.5,1.0,11,linear,2.0,0.8,2.0,0.3656074692308305,0.3796250879481159,3.832606006124335
FDFL-0.5,0.0,22,linear,2.0,0.8,2.0,0.2099675148496063,0.2963686882037687,0.9052129967099246
FDFL-0.5,1.0,22,linear,2.0,0.8,2.0,0.2108385547919445,0.2764278735487757,0.8802836875907548
FDFL-0.5,0.0,33,linear,2.0,0.8,2.0,0.3129563020750346,0.1920380745701604,1.8899094666612968
FDFL-0.5,1.0,33,linear,2.0,0.8,2.0,0.3134692967654148,0.1865675419177194,1.877119790380612
FDFL-0.5,0.0,44,linear,2.0,0.8,2.0,0.225342192803364,1.020598143121848,3.021451082632644
FDFL-0.5,1.0,44,linear,2.0,0.8,2.0,0.227938763149388,0.973955312905535,2.926784334869531
FDFL-0.5,0.0,55,linear,2.0,0.8,2.0,0.3016770384333558,0.6021820161668414,3.659111658859832
FDFL-0.5,1.0,55,linear,2.0,0.8,2.0,0.300824013159705,0.5687540669735384,3.570343722475441
FDFL-Scal,0.0,11,linear,2.0,0.8,2.0,0.3657026042123882,0.3753157712780489,3.810318412924482
FDFL-Scal,1.0,11,linear,2.0,0.8,2.0,0.3651360629062087,0.3700052176931136,3.784081087856405
FDFL-Scal,0.0,22,linear,2.0,0.8,2.0,0.2105074415195202,0.2864401188074515,0.8918710608992276
FDFL-Scal,1.0,22,linear,2.0,0.8,2.0,0.2108884569316427,0.2658520534786012,0.8670748388092668
FDFL-Scal,0.0,33,linear,2.0,0.8,2.0,0.3127648002854944,0.1824615752405935,1.8639185329422008
FDFL-Scal,1.0,33,linear,2.0,0.8,2.0,0.3196777664550607,0.185403919411132,1.8655130685116568
FDFL-Scal,0.0,44,linear,2.0,0.8,2.0,0.2258868118193107,0.9605014735744511,2.8865661158923994
FDFL-Scal,1.0,44,linear,2.0,0.8,2.0,0.2284095045640586,0.9152441094611272,2.804909343467133
FDFL-Scal,0.0,55,linear,2.0,0.8,2.0,0.3007168404241324,0.5509003519842198,3.5203078074115663
FDFL-Scal,1.0,55,linear,2.0,0.8,2.0,0.3000174375816252,0.5168632605109548,3.431147590263772
FDFL,0.0,11,linear,2.0,0.8,2.0,0.3663113403491401,0.395339859494181,3.9073354168421486
FDFL,1.0,11,linear,2.0,0.8,2.0,0.3650796450751341,0.3896568327744864,3.881361463577096
FDFL,0.0,22,linear,2.0,0.8,2.0,0.2106596523321976,0.3059224439120453,0.918576569838153
FDFL,1.0,22,linear,2.0,0.8,2.0,0.210653841235347,0.2868290314908023,0.8938037686265752
FDFL,0.0,33,linear,2.0,0.8,2.0,0.3120601948272126,0.2009384333246918,1.9105579467523408
FDFL,1.0,33,linear,2.0,0.8,2.0,0.3129610457308997,0.1948624238622486,1.8968878165537475
FDFL,0.0,44,linear,2.0,0.8,2.0,0.2251260503292854,1.0801934660947845,3.168139560186684
FDFL,1.0,44,linear,2.0,0.8,2.0,0.2261249965313956,1.0393830879098611,3.071757092545667
FDFL,0.0,55,linear,2.0,0.8,2.0,0.3008172632000919,0.6570316539473171,3.8109403395422
FDFL,1.0,55,linear,2.0,0.8,2.0,0.3006749306662362,0.6218508278064357,3.713293455208277
FPLG,0.0,11,linear,2.0,0.8,2.0,0.3649184237659951,0.2636142188890348,3.2531820755635428
FPLG,1.0,11,linear,2.0,0.8,2.0,0.3654643919279459,0.2515454030897807,3.1969639833777026
FPLG,0.0,22,linear,2.0,0.8,2.0,0.2111034439254795,0.1873209287710733,0.8235209906949972
FPLG,1.0,22,linear,2.0,0.8,2.0,0.2111313980399336,0.1446224589524613,0.7986925065966085
FPLG,0.0,33,linear,2.0,0.8,2.0,0.3183931199326518,0.1607417261102316,1.862633117217392
FPLG,1.0,33,linear,2.0,0.8,2.0,0.3121739827352081,0.1480409193173862,1.8421768245832053
FPLG,0.0,44,linear,2.0,0.8,2.0,0.2423319904089016,0.7460410406202319,2.557801056447667
FPLG,1.0,44,linear,2.0,0.8,2.0,0.2413332218631642,0.6904805876833501,2.498350977888612
FPLG,0.0,55,linear,2.0,0.8,2.0,0.3009140477939239,0.3796846815263967,3.1125046608174243
FPLG,1.0,55,linear,2.0,0.8,2.0,0.3026891435731574,0.3417952870576136,3.0264731620903675
FPTO,0.0,11,linear,2.0,0.8,2.0,0.3897404788786401,0.1970211022655124,2.78160175994899
FPTO,1.0,11,linear,2.0,0.8,2.0,0.3959823732836181,0.1953890930058767,2.797073199611742
FPTO,0.0,22,linear,2.0,0.8,2.0,0.2461434342820174,0.0834039894410716,0.7255914120978435
FPTO,1.0,22,linear,2.0,0.8,2.0,0.245862441745974,0.0725776219989501,0.7326672343450797
FPTO,0.0,33,linear,2.0,0.8,2.0,0.3734199823545373,0.168424882966946,1.421308707037583
FPTO,1.0,33,linear,2.0,0.8,2.0,0.3767082488722735,0.154563191973679,1.4251403947406642
FPTO,0.0,44,linear,2.0,0.8,2.0,0.2964488605859707,0.4304686620111542,2.080988898875533
FPTO,1.0,44,linear,2.0,0.8,2.0,0.2991894546466722,0.3769693673249543,2.1325476763213462
FPTO,0.0,55,linear,2.0,0.8,2.0,0.3336438684615687,0.1901247766099332,2.406117014465579
FPTO,1.0,55,linear,2.0,0.8,2.0,0.3442517583696356,0.2045035345287904,2.406081783370725
MGDA,0.0,11,linear,2.0,0.8,2.0,0.6700831528126142,0.2342809110978425,3.517824220041137
MGDA,0.0,22,linear,2.0,0.8,2.0,0.3866871187086946,0.1144270646912195,1.4104717908506197
MGDA,0.0,33,linear,2.0,0.8,2.0,0.4521953665554417,0.1626839419301876,2.2138275382742894
MGDA,0.0,44,linear,2.0,0.8,2.0,0.3750310688767717,0.4090813338348186,3.2971085149087656
MGDA,0.0,55,linear,2.0,0.8,2.0,0.3976376181064374,0.180659285368104,3.0114003662248745
NashMTL,0.0,11,linear,2.0,0.8,2.0,0.3692453650409666,0.1978099229986293,2.828444436320152
NashMTL,0.0,22,linear,2.0,0.8,2.0,0.2147611926011064,0.0749951408430123,0.7223000933558242
NashMTL,0.0,33,linear,2.0,0.8,2.0,0.3144915015798181,0.1267549391945482,1.621577230666485
NashMTL,0.0,44,linear,2.0,0.8,2.0,0.2388660443893864,0.566533250727986,2.29215794779186
NashMTL,0.0,55,linear,2.0,0.8,2.0,0.2966205230662125,0.2416689159548432,2.811456685103551
PCGrad,0.0,11,linear,2.0,0.8,2.0,0.3724263378840463,0.1873968253653718,2.7747687946745736
PCGrad,0.0,22,linear,2.0,0.8,2.0,0.2143127978289289,0.0695649302753355,0.7135583165808884
PCGrad,0.0,33,linear,2.0,0.8,2.0,0.3299508616845145,0.1158156359283867,1.5192233037497334
PCGrad,0.0,44,linear,2.0,0.8,2.0,0.2351935193655339,0.3869111617045725,2.1763026613521914
PCGrad,0.0,55,linear,2.0,0.8,2.0,0.3082932712008968,0.1930451172850161,2.524217157239995
SAA,0.0,11,linear,2.0,0.8,2.0,0.7249897486632232,0.3303462082784923,4.329028054972116
SAA,0.0,22,linear,2.0,0.8,2.0,0.5936139448283837,0.2732837141796015,1.3242490324781608
SAA,0.0,33,linear,2.0,0.8,2.0,0.7084894871286646,0.201333759793432,2.362198268209265
SAA,0.0,44,linear,2.0,0.8,2.0,0.5351803799432804,0.3834939301941403,2.7297595309875384
SAA,0.0,55,linear,2.0,0.8,2.0,0.7184659108328945,0.2427836106097043,3.932984998729164
WDRO,0.0,11,linear,2.0,0.8,2.0,0.3751100370790485,0.208246385456199,2.81150266551196
WDRO,0.0,22,linear,2.0,0.8,2.0,0.2418889832392131,0.099461463711959,0.7545818617205211
WDRO,0.0,33,linear,2.0,0.8,2.0,0.3764770333537566,0.1337275618543331,1.4567021237778637
WDRO,0.0,44,linear,2.0,0.8,2.0,0.2897787485403405,0.4970696017764565,2.08247394930074
WDRO,0.0,55,linear,2.0,0.8,2.0,0.32394646417432,0.1797799311218759,2.4400300188561923
FDFL-0.1,0.0,11,mlp16,2.0,0.0,2.0,0.201132706125018,0.1759591754428132,2.4711029252979
FDFL-0.1,1.0,11,mlp16,2.0,0.0,2.0,0.1864404479438221,0.174230593386036,2.500920571632195
FDFL-0.1,0.0,22,mlp16,2.0,0.0,2.0,0.115215422534645,0.0389281858748517,0.3220306231383462
FDFL-0.1,1.0,22,mlp16,2.0,0.0,2.0,0.1138144060064856,0.0395224372785844,0.3219996054490389
FDFL-0.1,0.0,33,mlp16,2.0,0.0,2.0,0.1675844895396369,0.1102633833552155,1.575094658844629
FDFL-0.1,1.0,33,mlp16,2.0,0.0,2.0,0.1676830437280836,0.1071437610809609,1.5511336275303436
FDFL-0.1,0.0,44,mlp16,2.0,0.0,2.0,0.1287966513625224,0.1167910237742584,1.192277871753162
FDFL-0.1,1.0,44,mlp16,2.0,0.0,2.0,0.128869087830901,0.1054739010408321,1.0601712214396983
FDFL-0.1,0.0,55,mlp16,2.0,0.0,2.0,0.1551200078126072,0.1664349071081283,1.8453095530699128
FDFL-0.1,1.0,55,mlp16,2.0,0.0,2.0,0.1524641988493489,0.1594888662528878,1.695373734525776
FDFL-0.5,0.0,11,mlp16,2.0,0.0,2.0,0.1915011814332731,0.1483464447809461,2.091461130283282
FDFL-0.5,1.0,11,mlp16,2.0,0.0,2.0,0.1960115564693892,0.1419644929818845,1.9702316486422484
FDFL-0.5,0.0,22,mlp16,2.0,0.0,2.0,0.1133514743533721,0.0420424087780111,0.3190018829996382
FDFL-0.5,1.0,22,mlp16,2.0,0.0,2.0,0.113401948369877,0.0422735271878464,0.3182775786012078
FDFL-0.5,0.0,33,mlp16,2.0,0.0,2.0,0.1696033890825835,0.104286430106835,1.4645586635548766
FDFL-0.5,1.0,33,mlp16,2.0,0.0,2.0,0.1742437203742394,0.1078623673529411,1.4640494207899006
FDFL-0.5,0.0,44,mlp16,2.0,0.0,2.0,0.1263013247200345,0.0681109749332174,0.7008417931656015
FDFL-0.5,1.0,44,mlp16,2.0,0.0,2.0,0.1260932990225862,0.0662291577742356,0.6714961983970047
FDFL-0.5,0.0,55,mlp16,2.0,0.0,2.0,0.1571206026741022,0.1518910364284406,1.3837911635892182
FDFL-0.5,1.0,55,mlp16,2.0,0.0,2.0,0.1578915046960926,0.1327299750076867,1.2780804446406728
FDFL-Scal,0.0,11,mlp16,2.0,0.0,2.0,0.2041419559890975,0.1144883333936659,1.6037476034760851
FDFL-Scal,1.0,11,mlp16,2.0,0.0,2.0,0.2009196836610227,0.105902631037713,1.5303153215848933
FDFL-Scal,0.0,22,mlp16,2.0,0.0,2.0,0.1145124313575058,0.0430065170708268,0.3195136411060347
FDFL-Scal,1.0,22,mlp16,2.0,0.0,2.0,0.114108830850707,0.0430509156666401,0.3177120490863264
FDFL-Scal,0.0,33,mlp16,2.0,0.0,2.0,0.1655669627621211,0.1013582847166164,1.3146689256118935
FDFL-Scal,1.0,33,mlp16,2.0,0.0,2.0,0.1644975861424128,0.1009751108846936,1.2929851198641176
FDFL-Scal,0.0,44,mlp16,2.0,0.0,2.0,0.1203744369622925,0.0546710331840506,0.6051418308287714
FDFL-Scal,1.0,44,mlp16,2.0,0.0,2.0,0.1193290274161059,0.0547028957823958,0.6046194055495672
FDFL-Scal,0.0,55,mlp16,2.0,0.0,2.0,0.1593712513473577,0.1322735360559702,1.2018330767598349
FDFL-Scal,1.0,55,mlp16,2.0,0.0,2.0,0.159191595065119,0.1264537579754418,1.163328710105617
FDFL,0.0,11,mlp16,2.0,0.0,2.0,0.1867580324201102,0.1871973843087014,2.715455987883193
FDFL,1.0,11,mlp16,2.0,0.0,2.0,0.1911457400071616,0.1795150169480798,2.594750251977856
FDFL,0.0,22,mlp16,2.0,0.0,2.0,0.1150809412128656,0.0389736028656923,0.3233519013688765
FDFL,1.0,22,mlp16,2.0,0.0,2.0,0.1151388425330524,0.0394404655526332,0.3215530091201041
FDFL,0.0,33,mlp16,2.0,0.0,2.0,0.166911551986672,0.1099646306113378,1.5958098366665572
FDFL,1.0,33,mlp16,2.0,0.0,2.0,0.1685851504477008,0.1088336249663699,1.5800225056242791
FDFL,0.0,44,mlp16,2.0,0.0,2.0,0.1268930827658421,0.1337294557665065,1.380745633328046
FDFL,1.0,44,mlp16,2.0,0.0,2.0,0.1311689513427435,0.1223858526336797,1.2561587614234055
FDFL,0.0,55,mlp16,2.0,0.0,2.0,0.1468124656583223,0.1769041064471302,2.0652508005621177
FDFL,1.0,55,mlp16,2.0,0.0,2.0,0.1531940138556878,0.1698224208725455,1.8763467428745944
FPLG,0.0,11,mlp16,2.0,0.0,2.0,0.2029599062040463,0.0669596798157369,1.10812761284659
FPLG,1.0,11,mlp16,2.0,0.0,2.0,0.2041370243553717,0.062761874059223,1.0625070633288507
FPLG,0.0,22,mlp16,2.0,0.0,2.0,0.1121844342144404,0.0445895436326288,0.2962668018239741
FPLG,1.0,22,mlp16,2.0,0.0,2.0,0.1134058813063236,0.0454481263871817,0.2974529407409464
FPLG,0.0,33,mlp16,2.0,0.0,2.0,0.1594959015177333,0.061566844117304,0.7426905505614688
FPLG,1.0,33,mlp16,2.0,0.0,2.0,0.1645282859928634,0.0588618888535854,0.7155973949077661
FPLG,0.0,44,mlp16,2.0,0.0,2.0,0.1187043519300201,0.0636731268578891,0.652241502132457
FPLG,1.0,44,mlp16,2.0,0.0,2.0,0.1197255501335579,0.0619184251544184,0.651936222664276
FPLG,0.0,55,mlp16,2.0,0.0,2.0,0.1428846778179915,0.1062767817794387,1.02492116976726
FPLG,1.0,55,mlp16,2.0,0.0,2.0,0.1394299949739469,0.1053817740340806,1.017656240466061
FPTO,0.0,11,mlp16,2.0,0.0,2.0,0.2600158776145617,0.0620611660277936,1.0255789059586686
FPTO,1.0,11,mlp16,2.0,0.0,2.0,0.2616825897316438,0.0607001799797358,1.0294180509882442
FPTO,0.0,22,mlp16,2.0,0.0,2.0,0.1263522136070162,0.0355597942729639,0.2740125760892128
FPTO,1.0,22,mlp16,2.0,0.0,2.0,0.1285474246879069,0.0343158774145535,0.2742104105753982
FPTO,0.0,33,mlp16,2.0,0.0,2.0,0.1914390922034991,0.0343489737042093,0.5697831186765857
FPTO,1.0,33,mlp16,2.0,0.0,2.0,0.1999060546559862,0.0347175682253622,0.5781453547094517
FPTO,0.0,44,mlp16,2.0,0.0,2.0,0.1760083063907643,0.0517920424107995,0.6205009802665418
FPTO,1.0,44,mlp16,2.0,0.0,2.0,0.1856058057580168,0.0503613248880279,0.6257675533099805
FPTO,0.0,55,mlp16,2.0,0.0,2.0,0.1472113328857195,0.0966385443825861,0.8598241719756241
FPTO,1.0,55,mlp16,2.0,0.0,2.0,0.1477190157475451,0.0912494045406771,0.8607117850787822
MGDA,0.0,11,mlp16,2.0,0.0,2.0,0.4624217277671471,0.1751161876517305,2.297952565187679
MGDA,0.0,22,mlp16,2.0,0.0,2.0,0.3031564146333903,0.0548024184137824,0.8100700177482688
MGDA,0.0,33,mlp16,2.0,0.0,2.0,0.3891703236998813,0.1123091096733964,1.3131040089188617
MGDA,0.0,44,mlp16,2.0,0.0,2.0,0.2999877250966669,0.0822993261921331,1.7535704739227422
MGDA,0.0,55,mlp16,2.0,0.0,2.0,0.4230222177595776,0.1176411680977021,2.2003628826854182
NashMTL,0.0,11,mlp16,2.0,0.0,2.0,0.1826832712056866,0.054108140783175,0.8634585542593415
NashMTL,0.0,22,mlp16,2.0,0.0,2.0,0.1100912590321674,0.0326399690231372,0.2497858104355488
NashMTL,0.0,33,mlp16,2.0,0.0,2.0,0.1631159881321874,0.0329579117872721,0.5324112236028451
NashMTL,0.0,44,mlp16,2.0,0.0,2.0,0.1160498926826812,0.0468773568301425,0.5595661347357322
NashMTL,0.0,55,mlp16,2.0,0.0,2.0,0.1307820616089276,0.0861108642031348,0.7973616562980613
PCGrad,0.0,11,mlp16,2.0,0.0,2.0,0.1999687252708694,0.0520116483731516,0.8735220767324894
PCGrad,0.0,22,mlp16,2.0,0.0,2.0,0.1059709779647033,0.0298257056691473,0.2406627159286896
PCGrad,0.0,33,mlp16,2.0,0.0,2.0,0.1715937015017871,0.0322670877824507,0.540391214162463
PCGrad,0.0,44,mlp16,2.0,0.0,2.0,0.1300842812246215,0.0447827086852964,0.5384702567803389
PCGrad,0.0,55,mlp16,2.0,0.0,2.0,0.1243907548973506,0.0580063262486745,0.7466604860131606
SAA,0.0,11,mlp16,2.0,0.0,2.0,0.731802046391068,0.2902024518306756,3.5763886931512614
SAA,0.0,22,mlp16,2.0,0.0,2.0,0.5956690017432641,0.0827118846506374,1.022739255441217
SAA,0.0,33,mlp16,2.0,0.0,2.0,0.7119053491237897,0.1195281372023616,1.8162441902820043
SAA,0.0,44,mlp16,2.0,0.0,2.0,0.552215834303204,0.2385082989769053,2.3183995146705443
SAA,0.0,55,mlp16,2.0,0.0,2.0,0.7278724121798753,0.2042281802714254,3.3062427026241026
WDRO,0.0,11,mlp16,2.0,0.0,2.0,0.2422679040976742,0.0750483271125655,1.0358803616513623
WDRO,0.0,22,mlp16,2.0,0.0,2.0,0.1264293001900148,0.0342316266044899,0.2678894693938344
WDRO,0.0,33,mlp16,2.0,0.0,2.0,0.2095911308008151,0.0402198535449282,0.5793447058352375
WDRO,0.0,44,mlp16,2.0,0.0,2.0,0.1880404915044042,0.063212296185828,0.6309750433652522
WDRO,0.0,55,mlp16,2.0,0.0,2.0,0.1416930882399635,0.0958316070308891,0.8887419759754408
FDFL-0.1,0.0,11,mlp16,2.0,0.2,2.0,0.2237600712023057,0.1786707484664347,2.7641152664741404
FDFL-0.1,1.0,11,mlp16,2.0,0.2,2.0,0.2241777291723966,0.1698401100680753,2.6764106597497674
FDFL-0.1,0.0,22,mlp16,2.0,0.2,2.0,0.1302106337194344,0.03738012449735,0.3671906173297167
FDFL-0.1,1.0,22,mlp16,2.0,0.2,2.0,0.1322675708258177,0.0378613190637814,0.3677117935276345
FDFL-0.1,0.0,33,mlp16,2.0,0.2,2.0,0.1859423153590355,0.1693442554013276,1.7745451210864205
FDFL-0.1,1.0,33,mlp16,2.0,0.2,2.0,0.1914101729244273,0.1603297736399395,1.75401401973237
FDFL-0.1,0.0,44,mlp16,2.0,0.2,2.0,0.1463156331931303,0.2494353409255513,1.576063841424689
FDFL-0.1,1.0,44,mlp16,2.0,0.2,2.0,0.1469409730914449,0.2165245134893973,1.3965908588419522
FDFL-0.1,0.0,55,mlp16,2.0,0.2,2.0,0.1742441507560461,0.1619409726048005,2.065817093834318
FDFL-0.1,1.0,55,mlp16,2.0,0.2,2.0,0.1751723216275716,0.1340870441243193,1.835269739102628
FDFL-0.5,0.0,11,mlp16,2.0,0.2,2.0,0.2296058807110591,0.1490411695878125,2.3687280089304874
FDFL-0.5,1.0,11,mlp16,2.0,0.2,2.0,0.2317062855284108,0.1403500312578195,2.25124705129936
FDFL-0.5,0.0,22,mlp16,2.0,0.2,2.0,0.1318247645900945,0.0368721244760817,0.3711479617787429
FDFL-0.5,1.0,22,mlp16,2.0,0.2,2.0,0.1326882388075301,0.0365159132981374,0.3761003363142449
FDFL-0.5,0.0,33,mlp16,2.0,0.2,2.0,0.1923206927169282,0.1609286677071661,1.6723727480084127
FDFL-0.5,1.0,33,mlp16,2.0,0.2,2.0,0.1945229479728566,0.1535241628901051,1.6418788624123548
FDFL-0.5,0.0,44,mlp16,2.0,0.2,2.0,0.1468498972672673,0.1173735858401566,0.9400695786378612
FDFL-0.5,1.0,44,mlp16,2.0,0.2,2.0,0.1473027717726402,0.0943696317849474,0.8687439613578217
FDFL-0.5,0.0,55,mlp16,2.0,0.2,2.0,0.1690718937219429,0.1240300378316412,1.4820125109173314
FDFL-0.5,1.0,55,mlp16,2.0,0.2,2.0,0.1730989278878716,0.1228247715063099,1.3496883909226158
FDFL-Scal,0.0,11,mlp16,2.0,0.2,2.0,0.2270520690005166,0.1240888034748402,1.918805206982344
FDFL-Scal,1.0,11,mlp16,2.0,0.2,2.0,0.2311315765435896,0.116031334421195,1.8251917218129103
FDFL-Scal,0.0,22,mlp16,2.0,0.2,2.0,0.1325797715155209,0.0360950524202485,0.36688413892978
FDFL-Scal,1.0,22,mlp16,2.0,0.2,2.0,0.1315912628262915,0.0354697858641721,0.369765732307985
FDFL-Scal,0.0,33,mlp16,2.0,0.2,2.0,0.1887718445976132,0.1500918164301403,1.5600954702480123
FDFL-Scal,1.0,33,mlp16,2.0,0.2,2.0,0.1953667095067438,0.1455914971919854,1.5340632282153028
FDFL-Scal,0.0,44,mlp16,2.0,0.2,2.0,0.1460970146076494,0.0519050173887446,0.7123016612882257
FDFL-Scal,1.0,44,mlp16,2.0,0.2,2.0,0.1481097925250613,0.0497729444261703,0.7068922102214688
FDFL-Scal,0.0,55,mlp16,2.0,0.2,2.0,0.1694223697658482,0.1344872388265678,1.2526642709164542
FDFL-Scal,1.0,55,mlp16,2.0,0.2,2.0,0.1689429353194623,0.1404822283946282,1.2352157670739763
FDFL,0.0,11,mlp16,2.0,0.2,2.0,0.2268045802896816,0.1891981927252243,2.8740672997431007
FDFL,1.0,11,mlp16,2.0,0.2,2.0,0.2306225706543915,0.1821824968419704,2.7694806263522795
FDFL,0.0,22,mlp16,2.0,0.2,2.0,0.1312924384635355,0.0383461811111839,0.3686657567306827
FDFL,1.0,22,mlp16,2.0,0.2,2.0,0.1328187944978054,0.039241446701875,0.3697017098217907
FDFL,0.0,33,mlp16,2.0,0.2,2.0,0.1916202742255525,0.1669637811667185,1.7874834258541925
FDFL,1.0,33,mlp16,2.0,0.2,2.0,0.1892332118672953,0.163493004795565,1.7770293767571752
FDFL,0.0,44,mlp16,2.0,0.2,2.0,0.1453410338374128,0.2842034243547486,1.7801760456835365
FDFL,1.0,44,mlp16,2.0,0.2,2.0,0.1454063223727926,0.254727421564279,1.6183469387503278
FDFL,0.0,55,mlp16,2.0,0.2,2.0,0.1728533242658213,0.1898495343776286,2.3201663366448497
FDFL,1.0,55,mlp16,2.0,0.2,2.0,0.173308985749371,0.1547769869519248,2.030121136212901
FPLG,0.0,11,mlp16,2.0,0.2,2.0,0.2329911355917518,0.0937044714055695,1.2814497755351035
FPLG,1.0,11,mlp16,2.0,0.2,2.0,0.230792580437212,0.0957021047311859,1.3160370868071662
FPLG,0.0,22,mlp16,2.0,0.2,2.0,0.1353354114084727,0.0381265053867584,0.3721654341142635
FPLG,1.0,22,mlp16,2.0,0.2,2.0,0.1339084386396869,0.0372481146557869,0.3682401850950096
FPLG,0.0,33,mlp16,2.0,0.2,2.0,0.1865899005172119,0.0694376237454077,0.8829835733581983
FPLG,1.0,33,mlp16,2.0,0.2,2.0,0.1938603915067798,0.063569217656507,0.8540167692198157
FPLG,0.0,44,mlp16,2.0,0.2,2.0,0.1476445332156925,0.0575452644807832,0.7374770425693753
FPLG,1.0,44,mlp16,2.0,0.2,2.0,0.1525912014023959,0.0617955572272161,0.7435933470913444
FPLG,0.0,55,mlp16,2.0,0.2,2.0,0.1631008379767272,0.1786578719830679,1.169160417125876
FPLG,1.0,55,mlp16,2.0,0.2,2.0,0.163561894035103,0.1593035881758667,1.1775719376449791
FPTO,0.0,11,mlp16,2.0,0.2,2.0,0.2842695534781935,0.0954275821009099,1.1853776618729206
FPTO,1.0,11,mlp16,2.0,0.2,2.0,0.2839951194572943,0.093922081532672,1.1890229784172368
FPTO,0.0,22,mlp16,2.0,0.2,2.0,0.1451904913430734,0.0268526530675262,0.3189940577080394
FPTO,1.0,22,mlp16,2.0,0.2,2.0,0.1419336362895842,0.0278459037759751,0.318260077617264
FPTO,0.0,33,mlp16,2.0,0.2,2.0,0.2326027249931854,0.0685485145044725,0.6854492797278685
FPTO,1.0,33,mlp16,2.0,0.2,2.0,0.2231998851538725,0.0637341257399071,0.6892214523749574
FPTO,0.0,44,mlp16,2.0,0.2,2.0,0.2040420542451735,0.0608781959437091,0.7123288189151519
FPTO,1.0,44,mlp16,2.0,0.2,2.0,0.2127270684146303,0.0590873144057667,0.7139604895732256
FPTO,0.0,55,mlp16,2.0,0.2,2.0,0.179966748893327,0.1791310467498478,0.995075170307136
FPTO,1.0,55,mlp16,2.0,0.2,2.0,0.1834900506775648,0.1648819166006151,1.0032800469248024
MGDA,0.0,11,mlp16,2.0,0.2,2.0,0.4625921585921071,0.1685725643782779,2.3935238257195466
MGDA,0.0,22,mlp16,2.0,0.2,2.0,0.3396248466977055,0.0497860172180376,0.9263501935447334
MGDA,0.0,33,mlp16,2.0,0.2,2.0,0.4612512021077455,0.087620772933454,1.4882910072485958
MGDA,0.0,44,mlp16,2.0,0.2,2.0,0.4037365332875681,0.0689529013692119,1.3127037657590896
MGDA,0.0,55,mlp16,2.0,0.2,2.0,0.4539086288870911,0.1996066467932006,2.4572964081141606
NashMTL,0.0,11,mlp16,2.0,0.2,2.0,0.2229804102638092,0.1042549728994175,1.0331016357125018
NashMTL,0.0,22,mlp16,2.0,0.2,2.0,0.125968689567975,0.0248292112974379,0.2980171733785804
NashMTL,0.0,33,mlp16,2.0,0.2,2.0,0.1932669803723292,0.0709444689901252,0.6461965728880121
NashMTL,0.0,44,mlp16,2.0,0.2,2.0,0.1483140317310631,0.0609442479660094,0.6185985518492371
NashMTL,0.0,55,mlp16,2.0,0.2,2.0,0.1562777672811831,0.1690322890680441,0.9397525101113272
PCGrad,0.0,11,mlp16,2.0,0.2,2.0,0.2297934533028971,0.0806119261214751,1.0517373424810823
PCGrad,0.0,22,mlp16,2.0,0.2,2.0,0.1326316168781084,0.0241976340517825,0.2963782737660294
PCGrad,0.0,33,mlp16,2.0,0.2,2.0,0.2028526358802798,0.0630117310258334,0.6536459091372653
PCGrad,0.0,44,mlp16,2.0,0.2,2.0,0.1534245253373199,0.05696085140774,0.607721815784497
PCGrad,0.0,55,mlp16,2.0,0.2,2.0,0.1729196708375873,0.1180185266022744,0.920378925956605
SAA,0.0,11,mlp16,2.0,0.2,2.0,0.7239756294282335,0.2948265883651988,3.725311238834924
SAA,0.0,22,mlp16,2.0,0.2,2.0,0.5955605891778515,0.1220893452354967,1.0761319593331644
SAA,0.0,33,mlp16,2.0,0.2,2.0,0.7111300742481586,0.138942884736641,1.9186148207966127
SAA,0.0,44,mlp16,2.0,0.2,2.0,0.5554700744411838,0.2783045968070581,2.3840487530019567
SAA,0.0,55,mlp16,2.0,0.2,2.0,0.729571114843917,0.2013664288769559,3.425929879035532
WDRO,0.0,11,mlp16,2.0,0.2,2.0,0.2737897982336054,0.0840394989226359,1.2030558406356162
WDRO,0.0,22,mlp16,2.0,0.2,2.0,0.1509013092713967,0.0286638154656469,0.3146726481351827
WDRO,0.0,33,mlp16,2.0,0.2,2.0,0.2482434587147145,0.0624949677588147,0.6949691956469256
WDRO,0.0,44,mlp16,2.0,0.2,2.0,0.2101548814632298,0.0522705129546232,0.7241959546724723
WDRO,0.0,55,mlp16,2.0,0.2,2.0,0.1808360124654999,0.1657505237872177,1.0371426709566989
FDFL-0.1,0.0,11,mlp16,2.0,0.4,2.0,0.2615284551087962,0.1820092249259969,2.655506501979692
FDFL-0.1,1.0,11,mlp16,2.0,0.4,2.0,0.2622289121275722,0.1680367881509546,2.539884414351371
FDFL-0.1,0.0,22,mlp16,2.0,0.4,2.0,0.1559364004790248,0.0788351130370061,0.4948835557057475
FDFL-0.1,1.0,22,mlp16,2.0,0.4,2.0,0.1564434394072829,0.0708917322125993,0.4853615423763295
FDFL-0.1,0.0,33,mlp16,2.0,0.4,2.0,0.2232597441319688,0.280364203893291,2.116397974246344
FDFL-0.1,1.0,33,mlp16,2.0,0.4,2.0,0.2235496142142001,0.2712625406755384,2.0605735748724263
FDFL-0.1,0.0,44,mlp16,2.0,0.4,2.0,0.1735417744873066,0.502813341611666,2.0637061959578897
FDFL-0.1,1.0,44,mlp16,2.0,0.4,2.0,0.1750063738274742,0.3455041621185879,1.53583671645846
FDFL-0.1,0.0,55,mlp16,2.0,0.4,2.0,0.2022989169717505,0.2010632936818132,2.1340598169392164
FDFL-0.1,1.0,55,mlp16,2.0,0.4,2.0,0.1952406594383547,0.1458111216576141,1.8253494444890213
FDFL-0.5,0.0,11,mlp16,2.0,0.4,2.0,0.2650874500927102,0.1445162201289519,2.284802000512917
FDFL-0.5,1.0,11,mlp16,2.0,0.4,2.0,0.264238290224531,0.1347577265619175,2.193114747848554
FDFL-0.5,0.0,22,mlp16,2.0,0.4,2.0,0.1508121796268096,0.0654395542432872,0.4772256224741253
FDFL-0.5,1.0,22,mlp16,2.0,0.4,2.0,0.1525214672260542,0.0566755959147481,0.4657615420611249
FDFL-0.5,0.0,33,mlp16,2.0,0.4,2.0,0.2247959021660408,0.2630393207764629,1.999302113574757
FDFL-0.5,1.0,33,mlp16,2.0,0.4,2.0,0.2249983388132547,0.2556192930814403,1.9532522914734805
FDFL-0.5,0.0,44,mlp16,2.0,0.4,2.0,0.175479445383703,0.2514480782422723,1.2988415850646544
FDFL-0.5,1.0,44,mlp16,2.0,0.4,2.0,0.1752804892228564,0.1406962112529433,1.0620788402947805
FDFL-0.5,0.0,55,mlp16,2.0,0.4,2.0,0.2087580872606863,0.1485041736467914,1.6357749788284457
FDFL-0.5,1.0,55,mlp16,2.0,0.4,2.0,0.1981871651776963,0.1536643089335275,1.5008132308319355
FDFL-Scal,0.0,11,mlp16,2.0,0.4,2.0,0.261048531291714,0.1200466495475781,2.015274734295116
FDFL-Scal,1.0,11,mlp16,2.0,0.4,2.0,0.26140880056408,0.1157298132201255,1.940553501589328
FDFL-Scal,0.0,22,mlp16,2.0,0.4,2.0,0.1515796642238877,0.0524716158879113,0.4626754548094196
FDFL-Scal,1.0,22,mlp16,2.0,0.4,2.0,0.1556414911807178,0.0510173317295923,0.4586583288620717
FDFL-Scal,0.0,33,mlp16,2.0,0.4,2.0,0.2240878182601654,0.2324510085550753,1.8412933049472529
FDFL-Scal,1.0,33,mlp16,2.0,0.4,2.0,0.2221179700715289,0.2306441346018514,1.8257215591051223
FDFL-Scal,0.0,44,mlp16,2.0,0.4,2.0,0.1810630184669677,0.0843677980214182,0.912336584213542
FDFL-Scal,1.0,44,mlp16,2.0,0.4,2.0,0.1808837752833469,0.094704235807483,0.8899609557205319
FDFL-Scal,0.0,55,mlp16,2.0,0.4,2.0,0.2058421291879199,0.1965334011879496,1.453921750974813
FDFL-Scal,1.0,55,mlp16,2.0,0.4,2.0,0.1970966084161878,0.2007739878618642,1.4335876592726362
FDFL,0.0,11,mlp16,2.0,0.4,2.0,0.2585731842578718,0.1892948155380237,2.73526183506776
FDFL,1.0,11,mlp16,2.0,0.4,2.0,0.2613380850155075,0.1684262185925427,2.550859942037923
FDFL,0.0,22,mlp16,2.0,0.4,2.0,0.1556606764150256,0.0829285999389075,0.5022854781088235
FDFL,1.0,22,mlp16,2.0,0.4,2.0,0.1556561262058967,0.0725882020575375,0.4876749063696636
FDFL,0.0,33,mlp16,2.0,0.4,2.0,0.2230138335533108,0.2849840856637636,2.149808330247527
FDFL,1.0,33,mlp16,2.0,0.4,2.0,0.2231085853631497,0.2810895549528895,2.118630766578998
FDFL,0.0,44,mlp16,2.0,0.4,2.0,0.1736340163148,0.5438754619674363,2.247557032778061
FDFL,1.0,44,mlp16,2.0,0.4,2.0,0.1746905871936042,0.4813972776573483,1.9791742090478428
FDFL,0.0,55,mlp16,2.0,0.4,2.0,0.1996455866795004,0.2620128202333306,2.4996276454743205
FDFL,1.0,55,mlp16,2.0,0.4,2.0,0.1987083726461933,0.1751734564332277,2.0247187271370133
FPLG,0.0,11,mlp16,2.0,0.4,2.0,0.2530046620211437,0.1080578036843522,1.5770991085384558
FPLG,1.0,11,mlp16,2.0,0.4,2.0,0.2550139658207918,0.1056280689932823,1.719681609766212
FPLG,0.0,22,mlp16,2.0,0.4,2.0,0.1573728530863055,0.0340040704847938,0.4393408022983974
FPLG,1.0,22,mlp16,2.0,0.4,2.0,0.1587785896662499,0.0372535188479979,0.4371844431260226
FPLG,0.0,33,mlp16,2.0,0.4,2.0,0.2112007094212542,0.0759891447281854,1.0443334324640698
FPLG,1.0,33,mlp16,2.0,0.4,2.0,0.2104433484164723,0.0784123039526931,1.051326417781042
FPLG,0.0,44,mlp16,2.0,0.4,2.0,0.1668515224801064,0.0756892382200847,0.8915140153522346
FPLG,1.0,44,mlp16,2.0,0.4,2.0,0.1675233542037716,0.0668972418626916,0.8929381848989737
FPLG,0.0,55,mlp16,2.0,0.4,2.0,0.2025845420633535,0.2243404451289111,1.3518576979094468
FPLG,1.0,55,mlp16,2.0,0.4,2.0,0.2035652595168165,0.1774252972924045,1.3775203111796588
FPTO,0.0,11,mlp16,2.0,0.4,2.0,0.3150072622823945,0.1874636856679416,1.3692377134069311
FPTO,1.0,11,mlp16,2.0,0.4,2.0,0.3099878839010641,0.1483190690673621,1.396720431474561
FPTO,0.0,22,mlp16,2.0,0.4,2.0,0.1680612840339556,0.0281396133242902,0.3786917376628119
FPTO,1.0,22,mlp16,2.0,0.4,2.0,0.1697096416914502,0.0319183004849471,0.3953019494044281
FPTO,0.0,33,mlp16,2.0,0.4,2.0,0.2511555935343081,0.1315825332397998,0.823067680571627
FPTO,1.0,33,mlp16,2.0,0.4,2.0,0.252449554545534,0.0975708282214896,0.8357398427813099
FPTO,0.0,44,mlp16,2.0,0.4,2.0,0.2244186709620597,0.1177866044383876,0.8321370324824108
FPTO,1.0,44,mlp16,2.0,0.4,2.0,0.2311808597772725,0.0838893651282714,0.8452785259541883
FPTO,0.0,55,mlp16,2.0,0.4,2.0,0.2155746468572931,0.2767008531354274,1.1583756183450642
FPTO,1.0,55,mlp16,2.0,0.4,2.0,0.2286774620278282,0.2114423580859124,1.2027421297009917
MGDA,0.0,11,mlp16,2.0,0.4,2.0,0.472290945876209,0.1765131777430119,2.5069322982438185
MGDA,0.0,22,mlp16,2.0,0.4,2.0,0.354945489409623,0.053509465988143,0.8772493080116032
MGDA,0.0,33,mlp16,2.0,0.4,2.0,0.4629157890441445,0.1114876229189716,1.5417094857349276
MGDA,0.0,44,mlp16,2.0,0.4,2.0,0.423703141251347,0.0871749958637686,1.4690468133424233
MGDA,0.0,55,mlp16,2.0,0.4,2.0,0.4801779810846157,0.1979531971507059,2.464679353052667
NashMTL,0.0,11,mlp16,2.0,0.4,2.0,0.2589734079128372,0.1931234066305135,1.2293585945191798
NashMTL,0.0,22,mlp16,2.0,0.4,2.0,0.1586695389562966,0.0266970362355026,0.3575926451493272
NashMTL,0.0,33,mlp16,2.0,0.4,2.0,0.2174675277927509,0.1368725082797016,0.7794668091489887
NashMTL,0.0,44,mlp16,2.0,0.4,2.0,0.1745168366949851,0.1263425608413785,0.7651162528076068
NashMTL,0.0,55,mlp16,2.0,0.4,2.0,0.2164586685555461,0.2520359234228501,1.115822837767983
PCGrad,0.0,11,mlp16,2.0,0.4,2.0,0.2640186652626713,0.1235762803357175,1.347641771264261
PCGrad,0.0,22,mlp16,2.0,0.4,2.0,0.1481803480860083,0.0275021268793532,0.3657611456222664
PCGrad,0.0,33,mlp16,2.0,0.4,2.0,0.2217340780072747,0.0975361552190974,0.8014764143873471
PCGrad,0.0,44,mlp16,2.0,0.4,2.0,0.1675513721998946,0.0797677861943415,0.7671073241948378
PCGrad,0.0,55,mlp16,2.0,0.4,2.0,0.1952039129525529,0.1915424747333529,1.0989334091253058
SAA,0.0,11,mlp16,2.0,0.4,2.0,0.7157383350318461,0.3041178302573325,3.902624527417253
SAA,0.0,22,mlp16,2.0,0.4,2.0,0.5948499296586732,0.1678365872444244,1.1447435195904243
SAA,0.0,33,mlp16,2.0,0.4,2.0,0.7068889293051515,0.1626707708821563,2.0451591646851743
SAA,0.0,44,mlp16,2.0,0.4,2.0,0.5551638469548851,0.3200367557907635,2.47577154462866
SAA,0.0,55,mlp16,2.0,0.4,2.0,0.7253310487012222,0.2101535906970011,3.5722294114251016
WDRO,0.0,11,mlp16,2.0,0.4,2.0,0.3067186384885546,0.139864690808193,1.3961936344115649
WDRO,0.0,22,mlp16,2.0,0.4,2.0,0.1730442976202826,0.027716655677769,0.3769493690653998
WDRO,0.0,33,mlp16,2.0,0.4,2.0,0.2737760832130794,0.1102723160446312,0.8322890228652123
WDRO,0.0,44,mlp16,2.0,0.4,2.0,0.2277268910014394,0.0786033197737734,0.847722264360246
WDRO,0.0,55,mlp16,2.0,0.4,2.0,0.2197596860540719,0.249271410760797,1.2116750684166562
FDFL-0.1,0.0,11,mlp16,2.0,0.6,,0.2874173914802607,0.2813101500296385,3.321334531203949
FDFL-0.1,1.0,11,mlp16,2.0,0.6,,0.2886839365813291,0.229887997536199,2.982950964888884
FDFL-0.1,0.0,22,mlp16,2.0,0.6,,0.1721258427813809,0.2170618340198994,0.7392810547405273
FDFL-0.1,1.0,22,mlp16,2.0,0.6,,0.1684977204546751,0.1541785658227313,0.632152868290038
FDFL-0.1,0.0,33,mlp16,2.0,0.6,,0.2547882104317513,0.3594592854194024,2.317297641532316
FDFL-0.1,1.0,33,mlp16,2.0,0.6,,0.2540014936434323,0.3556478848386777,2.2939377675692145
FDFL-0.1,0.0,44,mlp16,2.0,0.6,,0.1777511041225294,0.6169777101145448,2.049450207382096
FDFL-0.1,1.0,44,mlp16,2.0,0.6,,0.175525907476767,0.4518257243247526,1.6332724786130213
FDFL-0.1,0.0,55,mlp16,2.0,0.6,,0.226406912660785,0.3626587860454408,2.8038857503797696
FDFL-0.1,1.0,55,mlp16,2.0,0.6,,0.2269523542145601,0.2227280903179166,2.312391584522309
FDFL-0.5,0.0,11,mlp16,2.0,0.6,,0.2942845704634414,0.1918603240521111,2.701219760954279
FDFL-0.5,1.0,11,mlp16,2.0,0.6,,0.2905298903501559,0.1543023095090338,2.4432365428391543
FDFL-0.5,0.0,22,mlp16,2.0,0.6,,0.1686354014336183,0.1900176466067731,0.6809592735681893
FDFL-0.5,1.0,22,mlp16,2.0,0.6,,0.1675593747953094,0.1247754101081807,0.5844219499088169
FDFL-0.5,0.0,33,mlp16,2.0,0.6,,0.2500202186488556,0.3343649281065247,2.206649294199264
FDFL-0.5,1.0,33,mlp16,2.0,0.6,,0.2514612606066011,0.3254885151531184,2.1624493484768554
FDFL-0.5,0.0,44,mlp16,2.0,0.6,,0.1761447713183652,0.3527124035352555,1.4535552315477862
FDFL-0.5,1.0,44,mlp16,2.0,0.6,,0.1848872811678717,0.159840038222551,1.167339471286287
FDFL-0.5,0.0,55,mlp16,2.0,0.6,,0.2267346223037436,0.1785400787610919,2.142380080562123
FDFL-0.5,1.0,55,mlp16,2.0,0.6,,0.2332140321819355,0.1611745108059772,1.90106752897789
FDFL-Scal,0.0,11,mlp16,2.0,0.6,,0.2926428382134078,0.1401808298814608,2.1606858289146875
FDFL-Scal,1.0,11,mlp16,2.0,0.6,,0.3080227966201703,0.1418244058721824,2.234690708270962
FDFL-Scal,0.0,22,mlp16,2.0,0.6,,0.1719115569872511,0.1631572161733108,0.6424529733998922
FDFL-Scal,1.0,22,mlp16,2.0,0.6,,0.1705383490356757,0.1129862882968469,0.5736001211026711
FDFL-Scal,0.0,33,mlp16,2.0,0.6,,0.2542036224520215,0.3087855373000036,2.0681949547221707
FDFL-Scal,1.0,33,mlp16,2.0,0.6,,0.2505010156623527,0.297066839549958,2.031014748084937
FDFL-Scal,0.0,44,mlp16,2.0,0.6,,0.1759803297689851,0.1186007757057372,1.1076157656709311
FDFL-Scal,1.0,44,mlp16,2.0,0.6,,0.179790823355763,0.0864457181838729,1.0263550148011118
FDFL-Scal,0.0,55,mlp16,2.0,0.6,,0.2320888917528129,0.209354531505633,1.7566932820102743
FDFL-Scal,1.0,55,mlp16,2.0,0.6,,0.2328002820673106,0.2169724822341553,1.781900576371335
FDFL,0.0,11,mlp16,2.0,0.6,,0.2876176422030993,0.2951134623993654,3.4320025836364083
FDFL,1.0,11,mlp16,2.0,0.6,,0.2938970601880202,0.2586533712061455,3.134506964496686
FDFL,0.0,22,mlp16,2.0,0.6,,0.1712768509862675,0.2236537277374226,0.7490991052105636
FDFL,1.0,22,mlp16,2.0,0.6,,0.1648847752758518,0.172769143720339,0.652597986006733
FDFL,0.0,33,mlp16,2.0,0.6,,0.2527474614343525,0.3741106921916804,2.378542845650658
FDFL,1.0,33,mlp16,2.0,0.6,,0.2522753565940553,0.3674173976127148,2.3150724888644216
FDFL,0.0,44,mlp16,2.0,0.6,,0.1796182286522172,0.7212131018908022,2.3457043710717915
FDFL,1.0,44,mlp16,2.0,0.6,,0.1756884395788937,0.5299822812030272,1.818352259357448
FDFL,0.0,55,mlp16,2.0,0.6,,0.2271755450285564,0.4102999627991937,2.9936299250984653
FDFL,1.0,55,mlp16,2.0,0.6,,0.2254940278729508,0.2631856059804781,2.4564398264339378
FPLG,0.0,11,mlp16,2.0,0.6,,0.3041968307569609,0.1541390232436197,1.7528530451543654
FPLG,1.0,11,mlp16,2.0,0.6,,0.2995477839943729,0.1291908411707066,2.0246258903625227
FPLG,0.0,22,mlp16,2.0,0.6,,0.1703810927124472,0.039326416438563,0.5056325947214559
FPLG,1.0,22,mlp16,2.0,0.6,,0.1705468623790552,0.0466323016342091,0.5090718381878179
FPLG,0.0,33,mlp16,2.0,0.6,,0.2272312627303119,0.0909916935243558,1.2690475805075103
FPLG,1.0,33,mlp16,2.0,0.6,,0.2268934823124762,0.0977731620444681,1.3008484871957462
FPLG,0.0,44,mlp16,2.0,0.6,,0.1750747679193796,0.0982495832248333,1.0548168650165737
FPLG,1.0,44,mlp16,2.0,0.6,,0.1756064911523208,0.1075836353446749,1.0983572624967204
FPLG,0.0,55,mlp16,2.0,0.6,,0.2286828245391542,0.2148195485586385,1.6256095163271531
FPLG,1.0,55,mlp16,2.0,0.6,,0.2243490541597726,0.1575626126634539,1.7123588411551696
FPTO,0.0,11,mlp16,2.0,0.6,,0.3324232690664205,0.3011859373686977,1.5709459780207793
FPTO,1.0,11,mlp16,2.0,0.6,,0.3358707242922011,0.2056719373375342,1.6398257932405629
FPTO,0.0,22,mlp16,2.0,0.6,,0.1747569446219381,0.0372347950332267,0.4458848132729694
FPTO,1.0,22,mlp16,2.0,0.6,,0.1857054318400584,0.0370916080579279,0.4799703958801172
FPTO,0.0,33,mlp16,2.0,0.6,,0.2598179247570666,0.2068315257503884,0.975488978913564
FPTO,1.0,33,mlp16,2.0,0.6,,0.2565573619876351,0.1358812192173205,1.00430244477799
FPTO,0.0,44,mlp16,2.0,0.6,,0.2296742013852791,0.1887423931947006,0.9769394557987646
FPTO,1.0,44,mlp16,2.0,0.6,,0.2393824876977628,0.0996513463837163,1.0021179706227357
FPTO,0.0,55,mlp16,2.0,0.6,,0.2450508860164836,0.3746499421750736,1.3453830313351012
FPTO,1.0,55,mlp16,2.0,0.6,,0.2663376049312809,0.2414171299322695,1.4271591264392425
MGDA,0.0,11,mlp16,2.0,0.6,,0.5133191836350497,0.1957164198948842,2.7450026250240263
MGDA,0.0,22,mlp16,2.0,0.6,,0.3628419543607502,0.0597952452347277,0.9030022386271256
MGDA,0.0,33,mlp16,2.0,0.6,,0.4871254009724963,0.0965089600972461,1.680293533786485
MGDA,0.0,44,mlp16,2.0,0.6,,0.3336200837607412,0.1007413273974181,1.433323532277169
MGDA,0.0,55,mlp16,2.0,0.6,,0.4602844049524436,0.1923553393460131,2.560501651786291
NashMTL,0.0,11,mlp16,2.0,0.6,,0.2882195584791666,0.306409201167738,1.4243474456478933
NashMTL,0.0,22,mlp16,2.0,0.6,,0.1654956508333517,0.0406072144667392,0.4304492521520019
NashMTL,0.0,33,mlp16,2.0,0.6,,0.2348622275772281,0.2141255960086484,0.9273754432782004
NashMTL,0.0,44,mlp16,2.0,0.6,,0.1754026800858915,0.2072748913434279,0.911299188794204
NashMTL,0.0,55,mlp16,2.0,0.6,,0.2143526086519546,0.3580775257244157,1.3011801245184038
PCGrad,0.0,11,mlp16,2.0,0.6,,0.2894203541345866,0.1706089640505851,1.613426354052376
PCGrad,0.0,22,mlp16,2.0,0.6,,0.1653132421508215,0.0354010699883686,0.4365431711306034
PCGrad,0.0,33,mlp16,2.0,0.6,,0.233964854727957,0.1434014251841134,0.9863403887874134
PCGrad,0.0,44,mlp16,2.0,0.6,,0.1751735940561139,0.0907872442451831,0.9283761846835932
PCGrad,0.0,55,mlp16,2.0,0.6,,0.2157793087494694,0.1599225248805061,1.4446504465311647
SAA,0.0,11,mlp16,2.0,0.6,,0.7166031461265184,0.3170125210731843,4.104742611357003
SAA,0.0,22,mlp16,2.0,0.6,,0.5919237907672249,0.2202363160095923,1.2276499484778716
SAA,0.0,33,mlp16,2.0,0.6,,0.7039072088446033,0.1838468389604519,2.19356588230514
SAA,0.0,44,mlp16,2.0,0.6,,0.5491292019453379,0.3555755200672833,2.591598060908002
SAA,0.0,55,mlp16,2.0,0.6,,0.7206608293007745,0.2251679990582377,3.742062419016857
WDRO,0.0,11,mlp16,2.0,0.6,,0.3249506120710022,0.2284990803408715,1.609445189189287
WDRO,0.0,22,mlp16,2.0,0.6,,0.1866799519641203,0.0307367849967676,0.4545257791210673
WDRO,0.0,33,mlp16,2.0,0.6,,0.292159352503096,0.1707064569531645,0.9838825322317744
WDRO,0.0,44,mlp16,2.0,0.6,,0.2303682387553773,0.1267421197416118,0.9975644593015844
WDRO,0.0,55,mlp16,2.0,0.6,,0.2415076394881036,0.3368831899155304,1.4041655181953752
FDFL-0.1,0.0,11,mlp16,2.0,0.8,2.0,0.3076374627747515,0.2696895456707202,3.204385292275083
FDFL-0.1,1.0,11,mlp16,2.0,0.8,2.0,0.3121312803497273,0.2017362158473214,2.855462893699347
FDFL-0.1,0.0,22,mlp16,2.0,0.8,2.0,0.1703326898251363,0.2127366814659544,0.7503080626430343
FDFL-0.1,1.0,22,mlp16,2.0,0.8,2.0,0.1706754255719648,0.1025058434596943,0.6559645614013508
FDFL-0.1,0.0,33,mlp16,2.0,0.8,2.0,0.2514692599521332,0.4539253995535255,2.499269123309617
FDFL-0.1,1.0,33,mlp16,2.0,0.8,2.0,0.2516098752171776,0.4343703597939524,2.427588418876044
FDFL-0.1,0.0,44,mlp16,2.0,0.8,2.0,0.1784911022167167,0.8141451587584856,2.303300906423588
FDFL-0.1,1.0,44,mlp16,2.0,0.8,2.0,0.1812103661877769,0.3651571999390655,1.5729434456288218
FDFL-0.1,0.0,55,mlp16,2.0,0.8,2.0,0.2421158472737085,0.3512997103088423,2.7982842402612103
FDFL-0.1,1.0,55,mlp16,2.0,0.8,2.0,0.236269148716903,0.1750210882121661,2.215196736386404
FDFL-0.5,0.0,11,mlp16,2.0,0.8,2.0,0.3163442570267174,0.1767413723902296,2.6889974461382784
FDFL-0.5,1.0,11,mlp16,2.0,0.8,2.0,0.3080286375674574,0.1485242999241823,2.425425446335192
FDFL-0.5,0.0,22,mlp16,2.0,0.8,2.0,0.1694304826756434,0.1608196090267037,0.6926694377109882
FDFL-0.5,1.0,22,mlp16,2.0,0.8,2.0,0.1701342811675161,0.1115669126671939,0.667265308404449
FDFL-0.5,0.0,33,mlp16,2.0,0.8,2.0,0.2525787751278955,0.4102895228719557,2.340147446318164
FDFL-0.5,1.0,33,mlp16,2.0,0.8,2.0,0.2516216461103578,0.3833531875806127,2.259586978750965
FDFL-0.5,0.0,44,mlp16,2.0,0.8,2.0,0.1794200264566107,0.3054218581493449,1.488038198082807
FDFL-0.5,1.0,44,mlp16,2.0,0.8,2.0,0.1830863186491771,0.1108710334935639,1.269144149728758
FDFL-0.5,0.0,55,mlp16,2.0,0.8,2.0,0.2396634532815058,0.1807341742867592,2.112676996094781
FDFL-0.5,1.0,55,mlp16,2.0,0.8,2.0,0.2403885988158045,0.2096002750716406,2.0762950100525006
FDFL-Scal,0.0,11,mlp16,2.0,0.8,2.0,0.3071226154252208,0.1568033162916385,2.1684285012708227
FDFL-Scal,1.0,11,mlp16,2.0,0.8,2.0,0.3129116134502674,0.1470589651790758,2.1809219389156653
FDFL-Scal,0.0,22,mlp16,2.0,0.8,2.0,0.1721554110114964,0.1215277842953677,0.6671204257279905
FDFL-Scal,1.0,22,mlp16,2.0,0.8,2.0,0.1716647646231257,0.1045195848286513,0.656599641831038
FDFL-Scal,0.0,33,mlp16,2.0,0.8,2.0,0.251303856775502,0.35718451996661,2.183084808683221
FDFL-Scal,1.0,33,mlp16,2.0,0.8,2.0,0.2509707306793893,0.3284927144781478,2.104299322792042
FDFL-Scal,0.0,44,mlp16,2.0,0.8,2.0,0.1816180756875825,0.1892317569286137,1.2256703148289718
FDFL-Scal,1.0,44,mlp16,2.0,0.8,2.0,0.1799792565911707,0.1083434501546437,1.2261071988345644
FDFL-Scal,0.0,55,mlp16,2.0,0.8,2.0,0.2452354740302434,0.2961875796951032,1.9983284596800184
FDFL-Scal,1.0,55,mlp16,2.0,0.8,2.0,0.2425613414473105,0.2120910698982792,2.029604635008373
FDFL,0.0,11,mlp16,2.0,0.8,2.0,0.3054511405656495,0.3155091903828335,3.4335665604413217
FDFL,1.0,11,mlp16,2.0,0.8,2.0,0.3132927479451041,0.2304988598835621,3.0085742649116987
FDFL,0.0,22,mlp16,2.0,0.8,2.0,0.1681496728039739,0.2593427320450867,0.8010370804407803
FDFL,1.0,22,mlp16,2.0,0.8,2.0,0.1698125106174054,0.1173940454166471,0.6656578968277909
FDFL,0.0,33,mlp16,2.0,0.8,2.0,0.2511965780578378,0.4583587241970212,2.5292783332410886
FDFL,1.0,33,mlp16,2.0,0.8,2.0,0.2493067392292733,0.4362078634943352,2.4389535679208736
FDFL,0.0,44,mlp16,2.0,0.8,2.0,0.178849198763425,0.9434249662402824,2.615006035254609
FDFL,1.0,44,mlp16,2.0,0.8,2.0,0.1798917384812833,0.5277267958848773,1.779344439561447
FDFL,0.0,55,mlp16,2.0,0.8,2.0,0.2387691515056225,0.4835442510443887,3.1275029812456263
FDFL,1.0,55,mlp16,2.0,0.8,2.0,0.2449098125141122,0.1830410784034784,2.337696988735982
FPLG,0.0,11,mlp16,2.0,0.8,2.0,0.3063170923797297,0.2309660697194204,1.9782168651739864
FPLG,1.0,11,mlp16,2.0,0.8,2.0,0.2932084357307995,0.1448656684307683,2.3541356420957187
FPLG,0.0,22,mlp16,2.0,0.8,2.0,0.171451924722959,0.0525508989123884,0.6212573821006231
FPLG,1.0,22,mlp16,2.0,0.8,2.0,0.1742509808858947,0.0508706513158035,0.6275692249785144
FPLG,0.0,33,mlp16,2.0,0.8,2.0,0.2338996019906286,0.1132447431792215,1.3474488146517511
FPLG,1.0,33,mlp16,2.0,0.8,2.0,0.22294544807285,0.0993524192005615,1.3891576513870574
FPLG,0.0,44,mlp16,2.0,0.8,2.0,0.1781288717145276,0.0926614152880542,1.1892729368170651
FPLG,1.0,44,mlp16,2.0,0.8,2.0,0.1816716259894111,0.0978450411599155,1.2004509905169625
FPLG,0.0,55,mlp16,2.0,0.8,2.0,0.2514471360043479,0.30539805764033,1.8210416874847573
FPLG,1.0,55,mlp16,2.0,0.8,2.0,0.2453443854856391,0.167668889450602,1.950203529871384
FPTO,0.0,11,mlp16,2.0,0.8,2.0,0.3364604057128052,0.4185408338446848,1.7871577828064629
FPTO,1.0,11,mlp16,2.0,0.8,2.0,0.3392264821175711,0.2532763989772685,1.9047049266902067
FPTO,0.0,22,mlp16,2.0,0.8,2.0,0.1781749711603863,0.0498812214461655,0.5333595997259991
FPTO,1.0,22,mlp16,2.0,0.8,2.0,0.1854074621499936,0.0428130000042463,0.5722599093228088
FPTO,0.0,33,mlp16,2.0,0.8,2.0,0.2437711409679715,0.2903629332367014,1.1403407712768947
FPTO,1.0,33,mlp16,2.0,0.8,2.0,0.2503715319629228,0.1656447743427755,1.1870479249322785
FPTO,0.0,44,mlp16,2.0,0.8,2.0,0.2064104183973192,0.267321296012909,1.1444192772481905
FPTO,1.0,44,mlp16,2.0,0.8,2.0,0.2228448838443971,0.1077642940291157,1.181754255929601
FPTO,0.0,55,mlp16,2.0,0.8,2.0,0.259180414057686,0.4714014763735269,1.550816781353248
FPTO,1.0,55,mlp16,2.0,0.8,2.0,0.2638200464348428,0.2696432531710233,1.6721830715427586
MGDA,0.0,11,mlp16,2.0,0.8,2.0,0.5094475408298387,0.1993400931054587,3.007277577466653
MGDA,0.0,22,mlp16,2.0,0.8,2.0,0.2407419953249097,0.0603247064059793,0.7768653755740964
MGDA,0.0,33,mlp16,2.0,0.8,2.0,0.4831534076086722,0.1002362866739788,1.9275697653763888
MGDA,0.0,44,mlp16,2.0,0.8,2.0,0.2554734594832355,0.1121113405820478,1.4441687850899774
MGDA,0.0,55,mlp16,2.0,0.8,2.0,0.4425113425617473,0.2217175480649409,2.7548682840888747
NashMTL,0.0,11,mlp16,2.0,0.8,2.0,0.2842511202139233,0.4370472339081254,1.645895965702482
NashMTL,0.0,22,mlp16,2.0,0.8,2.0,0.1787733605902809,0.0490925657960921,0.5256245590604807
NashMTL,0.0,33,mlp16,2.0,0.8,2.0,0.2187681325572135,0.2991827212135917,1.1113352987950145
NashMTL,0.0,44,mlp16,2.0,0.8,2.0,0.1723290827735564,0.2801972700750524,1.0792537572426064
NashMTL,0.0,55,mlp16,2.0,0.8,2.0,0.2391652023438678,0.4578788799690734,1.5387331564962825
PCGrad,0.0,11,mlp16,2.0,0.8,2.0,0.2971324506269925,0.2392183705474126,1.848601723207228
PCGrad,0.0,22,mlp16,2.0,0.8,2.0,0.1730967291302225,0.043447076116187,0.53206989979282
PCGrad,0.0,33,mlp16,2.0,0.8,2.0,0.2196560664452213,0.1887317229008608,1.1700622647730756
PCGrad,0.0,44,mlp16,2.0,0.8,2.0,0.1733671961710503,0.0906146172123841,1.12319225407865
PCGrad,0.0,55,mlp16,2.0,0.8,2.0,0.2362373865149503,0.1567698411564392,1.7376474521855223
SAA,0.0,11,mlp16,2.0,0.8,2.0,0.7249897486632232,0.3303462082784923,4.329028054972116
SAA,0.0,22,mlp16,2.0,0.8,2.0,0.5936139448283837,0.2732837141796015,1.3242490324781608
SAA,0.0,33,mlp16,2.0,0.8,2.0,0.7084894871286646,0.201333759793432,2.362198268209265
SAA,0.0,44,mlp16,2.0,0.8,2.0,0.5351803799432804,0.3834939301941403,2.7297595309875384
SAA,0.0,55,mlp16,2.0,0.8,2.0,0.7184659108328945,0.2427836106097043,3.932984998729164
WDRO,0.0,11,mlp16,2.0,0.8,2.0,0.3189222015173679,0.3243887871760814,1.838865323056308
WDRO,0.0,22,mlp16,2.0,0.8,2.0,0.1871924985263198,0.0352854845600179,0.5429507961749598
WDRO,0.0,33,mlp16,2.0,0.8,2.0,0.2770499393629372,0.234300952361278,1.143739095069199
WDRO,0.0,44,mlp16,2.0,0.8,2.0,0.2236828999403148,0.1789756715297431,1.1697246991589858
WDRO,0.0,55,mlp16,2.0,0.8,2.0,0.2584594347010706,0.4205717041259932,1.6146433718546525
FDFL-0.1,0.0,11,mlp64,2.0,0.0,,0.1825771846035012,0.0917150103467176,1.4355758178167188
FDFL-0.1,1.0,11,mlp64,2.0,0.0,,0.1845068706990985,0.0848719018109425,1.3163768190395089
FDFL-0.1,0.0,22,mlp64,2.0,0.0,,0.0984434233462538,0.0314428827341472,0.3592621155733978
FDFL-0.1,1.0,22,mlp64,2.0,0.0,,0.0967109639187698,0.0297143440751105,0.3301817050820254
FDFL-0.1,0.0,33,mlp64,2.0,0.0,,0.1574194264249315,0.0608060774323611,0.8635072884850851
FDFL-0.1,1.0,33,mlp64,2.0,0.0,,0.1538715877928039,0.0621542715121208,0.8660746138022968
FDFL-0.1,0.0,44,mlp64,2.0,0.0,,0.115648580659762,0.0383042991749095,0.4999333039175299
FDFL-0.1,1.0,44,mlp64,2.0,0.0,,0.1173734585889722,0.0399034891220103,0.4954332714812218
FDFL-0.1,0.0,55,mlp64,2.0,0.0,,0.1304871176289984,0.0553485939491673,0.8888381763610707
FDFL-0.1,1.0,55,mlp64,2.0,0.0,,0.1252753267578345,0.0502262559376515,0.8281592338752563
FDFL-0.5,0.0,11,mlp64,2.0,0.0,,0.1862712792585318,0.0647497869080776,1.0839946380117549
FDFL-0.5,1.0,11,mlp64,2.0,0.0,,0.1782332345174485,0.0654930895607587,1.02649356659778
FDFL-0.5,0.0,22,mlp64,2.0,0.0,,0.0987637911231882,0.0313348750137569,0.303324340211525
FDFL-0.5,1.0,22,mlp64,2.0,0.0,,0.0978640508651507,0.0305876505767836,0.2863794721513593
FDFL-0.5,0.0,33,mlp64,2.0,0.0,,0.1667427630696092,0.0539666309313609,0.7001854466371891
FDFL-0.5,1.0,33,mlp64,2.0,0.0,,0.1680518498378666,0.0513484289919202,0.6967378002891508
FDFL-0.5,0.0,44,mlp64,2.0,0.0,,0.1101828919228116,0.0434578269937274,0.4760185529367353
FDFL-0.5,1.0,44,mlp64,2.0,0.0,,0.1085068200513289,0.0441421226780327,0.48119954410238
FDFL-0.5,0.0,55,mlp64,2.0,0.0,,0.1216797116776438,0.0516910391240692,0.8052810984072224
FDFL-0.5,1.0,55,mlp64,2.0,0.0,,0.119206403090037,0.0474575990761836,0.7903692674312001
FDFL-Scal,0.0,11,mlp64,2.0,0.0,,0.1864936811445476,0.0609083205729897,1.0535815813244274
FDFL-Scal,1.0,11,mlp64,2.0,0.0,,0.1905903907826424,0.0620004101313876,0.9842965103160926
FDFL-Scal,0.0,22,mlp64,2.0,0.0,,0.0947403769277815,0.027986542170587,0.2738338137506983
FDFL-Scal,1.0,22,mlp64,2.0,0.0,,0.095241236166845,0.0294085352901438,0.2727903893089225
FDFL-Scal,0.0,33,mlp64,2.0,0.0,,0.1598092925152078,0.050380168500326,0.6559550681827407
FDFL-Scal,1.0,33,mlp64,2.0,0.0,,0.1644977824508015,0.0482922983462826,0.6543761802757828
FDFL-Scal,0.0,44,mlp64,2.0,0.0,,0.1134729813319983,0.0398700179324688,0.485178215905128
FDFL-Scal,1.0,44,mlp64,2.0,0.0,,0.1112922058782703,0.0406844006180024,0.4878299862433038
FDFL-Scal,0.0,55,mlp64,2.0,0.0,,0.1198330076854689,0.048871077595693,0.7796392585010083
FDFL-Scal,1.0,55,mlp64,2.0,0.0,,0.1228302470509807,0.0483015990276422,0.7502191838522095
FDFL,0.0,11,mlp64,2.0,0.0,,0.1894383095184416,0.1280738052412255,1.7714718339006652
FDFL,1.0,11,mlp64,2.0,0.0,,0.1928294562964248,0.1018118689124678,1.391341114224802
FDFL,0.0,22,mlp64,2.0,0.0,,0.0965169843175732,0.0355555686350393,0.386724845423384
FDFL,1.0,22,mlp64,2.0,0.0,,0.0976857705537623,0.0296416427545095,0.3343602111158333
FDFL,0.0,33,mlp64,2.0,0.0,,0.1703771991679562,0.0736255564674244,0.9634250401686032
FDFL,1.0,33,mlp64,2.0,0.0,,0.1567685488391702,0.0622005702979028,0.8588612348479132
FDFL,0.0,44,mlp64,2.0,0.0,,0.114751203048294,0.0391464813545676,0.563705837877156
FDFL,1.0,44,mlp64,2.0,0.0,,0.1147391557086423,0.0402945435308403,0.5123482177679548
FDFL,0.0,55,mlp64,2.0,0.0,,0.1258363728699073,0.061928974275856,1.0760855690033118
FDFL,1.0,55,mlp64,2.0,0.0,,0.1238987675677471,0.0554900617671758,0.844414807662373
FPLG,0.0,11,mlp64,2.0,0.0,,0.1730507972232663,0.0638872505119899,0.9087827304633382
FPLG,1.0,11,mlp64,2.0,0.0,,0.1773628826071558,0.0648596616936198,0.9013888718681236
FPLG,0.0,22,mlp64,2.0,0.0,,0.0966168707834441,0.0313663677292905,0.2467642117488906
FPLG,1.0,22,mlp64,2.0,0.0,,0.0981298621560703,0.0323675562968327,0.2499380675049013
FPLG,0.0,33,mlp64,2.0,0.0,,0.1727469025548259,0.03984402459558,0.5949740345715056
FPLG,1.0,33,mlp64,2.0,0.0,,0.1628148622402947,0.0413050975982197,0.5933393449197694
FPLG,0.0,44,mlp64,2.0,0.0,,0.1145198731558844,0.0424770397080056,0.4964437347796444
FPLG,1.0,44,mlp64,2.0,0.0,,0.1125544169280264,0.0385588641460546,0.4779377299206584
FPLG,0.0,55,mlp64,2.0,0.0,,0.1225150259381269,0.0556649756133243,0.7824191618755183
FPLG,1.0,55,mlp64,2.0,0.0,,0.1257249296925328,0.050750383891547,0.7260319759394345
FPTO,0.0,11,mlp64,2.0,0.0,,0.1814618305195311,0.0592524894146164,0.8224117634768213
FPTO,1.0,11,mlp64,2.0,0.0,,0.1886393129253049,0.0597883793702244,0.8272836628178124
FPTO,0.0,22,mlp64,2.0,0.0,,0.0926275770790096,0.0301708494494238,0.2309925827719536
FPTO,1.0,22,mlp64,2.0,0.0,,0.0986319596890449,0.028438062038976,0.229926923823044
FPTO,0.0,33,mlp64,2.0,0.0,,0.1675844214028714,0.0373011445026763,0.5310999881929158
FPTO,1.0,33,mlp64,2.0,0.0,,0.1680064634412215,0.0371373996213956,0.5386338235228323
FPTO,0.0,44,mlp64,2.0,0.0,,0.1174721094713634,0.0352942435565507,0.4345392535576187
FPTO,1.0,44,mlp64,2.0,0.0,,0.1155750392035326,0.0348960991660335,0.4407553182832366
FPTO,0.0,55,mlp64,2.0,0.0,,0.1173664476420256,0.0499060497449996,0.7047004708624962
FPTO,1.0,55,mlp64,2.0,0.0,,0.1194336888468066,0.0498663023466969,0.6942235848123394
MGDA,0.0,11,mlp64,2.0,0.0,,0.2822481352375616,0.0720996679352169,1.2573489797251542
MGDA,0.0,22,mlp64,2.0,0.0,,0.1613688562961166,0.033641388557209,0.3877975293358274
MGDA,0.0,33,mlp64,2.0,0.0,,0.2058306735781133,0.0351441074944269,0.6535383965134549
MGDA,0.0,44,mlp64,2.0,0.0,,0.1163663927187311,0.0351273600297728,0.5001844270182985
MGDA,0.0,55,mlp64,2.0,0.0,,0.138217540724297,0.0441885843382675,1.0267122279695762
NashMTL,0.0,11,mlp64,2.0,0.0,,0.1759792176948649,0.0583033736499317,0.8317020835932337
NashMTL,0.0,22,mlp64,2.0,0.0,,0.0950626471009681,0.0274407541560685,0.2287383607663647
NashMTL,0.0,33,mlp64,2.0,0.0,,0.1662722498581871,0.0363044569344349,0.5434947318440163
NashMTL,0.0,44,mlp64,2.0,0.0,,0.1079151270267345,0.0374552292414182,0.4298123900492773
NashMTL,0.0,55,mlp64,2.0,0.0,,0.1170650767219268,0.0456852676713439,0.6903916013029338
PCGrad,0.0,11,mlp64,2.0,0.0,,0.1836662082477014,0.0603079789565292,0.8330393914698883
PCGrad,0.0,22,mlp64,2.0,0.0,,0.0954279593797366,0.0266736140215098,0.2335225072442757
PCGrad,0.0,33,mlp64,2.0,0.0,,0.1686353111475919,0.0377518978515398,0.5613777685017536
PCGrad,0.0,44,mlp64,2.0,0.0,,0.1143620347264998,0.0367718602099017,0.4541979671833846
PCGrad,0.0,55,mlp64,2.0,0.0,,0.120263470346965,0.0478002456946019,0.695044224748308
SAA,0.0,11,mlp64,2.0,0.0,,0.731801927343439,0.2902024518306757,3.5763886931512614
SAA,0.0,22,mlp64,2.0,0.0,,0.5956691913614923,0.0827118846506373,1.0227392554412165
SAA,0.0,33,mlp64,2.0,0.0,,0.7119091460528916,0.1195281372023616,1.8162441902820043
SAA,0.0,44,mlp64,2.0,0.0,,0.5522163339527902,0.2385082989769054,2.318399514670544
SAA,0.0,55,mlp64,2.0,0.0,,0.7278726525785646,0.2042281802714254,3.3062427026241026
WDRO,0.0,11,mlp64,2.0,0.0,,0.1722996370078362,0.0525179522685627,0.8390854522392359
WDRO,0.0,22,mlp64,2.0,0.0,,0.090859651139275,0.0259038215045686,0.2316769576294211
WDRO,0.0,33,mlp64,2.0,0.0,,0.163521878493047,0.0352066198746364,0.5290219559803985
WDRO,0.0,44,mlp64,2.0,0.0,,0.1183824841344947,0.043091115481529,0.4502478113936036
WDRO,0.0,55,mlp64,2.0,0.0,,0.1208241254007172,0.059934477759863,0.6988497232628622
FDFL-0.1,0.0,11,mlp64,2.0,0.2,,0.2340078999777939,0.1118778622170223,1.76271816386258
FDFL-0.1,1.0,11,mlp64,2.0,0.2,,0.2204622552378663,0.0962409301492272,1.5643826919840682
FDFL-0.1,0.0,22,mlp64,2.0,0.2,,0.1255223351016495,0.0647524136435321,0.4354129514896467
FDFL-0.1,1.0,22,mlp64,2.0,0.2,,0.122640240899476,0.0558175441435764,0.3975945052345993
FDFL-0.1,0.0,33,mlp64,2.0,0.2,,0.1886895667142147,0.0813509744545812,1.038896154895204
FDFL-0.1,1.0,33,mlp64,2.0,0.2,,0.1889499794095511,0.0800217797193092,1.005961558941484
FDFL-0.1,0.0,44,mlp64,2.0,0.2,,0.1296395174009433,0.0453140895649997,0.6049893255832316
FDFL-0.1,1.0,44,mlp64,2.0,0.2,,0.130566136132453,0.0463247616378016,0.6040273294182937
FDFL-0.1,0.0,55,mlp64,2.0,0.2,,0.161647706103425,0.072163252204146,1.0454635109358612
FDFL-0.1,1.0,55,mlp64,2.0,0.2,,0.1575186997265572,0.064459653990302,1.0638991135175806
FDFL-0.5,0.0,11,mlp64,2.0,0.2,,0.2197242198041334,0.0891555398721431,1.364559281216774
FDFL-0.5,1.0,11,mlp64,2.0,0.2,,0.2213402638784567,0.0929620468456971,1.2542574741074628
FDFL-0.5,0.0,22,mlp64,2.0,0.2,,0.1204692772864929,0.0468978897192187,0.3667393526223726
FDFL-0.5,1.0,22,mlp64,2.0,0.2,,0.1199582553600932,0.0375549436420057,0.3358695647262087
FDFL-0.5,0.0,33,mlp64,2.0,0.2,,0.1933978521523471,0.0655844290376782,0.901002094503258
FDFL-0.5,1.0,33,mlp64,2.0,0.2,,0.1902517100092685,0.0645410077476407,0.8543478423093825
FDFL-0.5,0.0,44,mlp64,2.0,0.2,,0.1341163637809272,0.0426767583156747,0.5860399303286183
FDFL-0.5,1.0,44,mlp64,2.0,0.2,,0.1306120756034875,0.0462780139270108,0.5931581243718151
FDFL-0.5,0.0,55,mlp64,2.0,0.2,,0.1607772025784727,0.0821504746476846,0.9594280207582956
FDFL-0.5,1.0,55,mlp64,2.0,0.2,,0.1676527594954703,0.07649103217818,1.0054818422613083
FDFL-Scal,0.0,11,mlp64,2.0,0.2,,0.2191890878964127,0.0993154625078222,1.2368510086385107
FDFL-Scal,1.0,11,mlp64,2.0,0.2,,0.2193280163906471,0.0901839050391672,1.208994729762518
FDFL-Scal,0.0,22,mlp64,2.0,0.2,,0.1207113934018086,0.0347497626263769,0.3377859480557417
FDFL-Scal,1.0,22,mlp64,2.0,0.2,,0.1205108777614804,0.0298349447596794,0.325240454230846
FDFL-Scal,0.0,33,mlp64,2.0,0.2,,0.1858886355451165,0.0565856984979983,0.7771988429243317
FDFL-Scal,1.0,33,mlp64,2.0,0.2,,0.1822534537436091,0.0536123010721875,0.7963781277458882
FDFL-Scal,0.0,44,mlp64,2.0,0.2,,0.1340919197365227,0.0419847205892963,0.5730907635432506
FDFL-Scal,1.0,44,mlp64,2.0,0.2,,0.1337855520513128,0.0441104594445083,0.5808561868238559
FDFL-Scal,0.0,55,mlp64,2.0,0.2,,0.1632539055884898,0.0840693085081251,0.9279058891558668
FDFL-Scal,1.0,55,mlp64,2.0,0.2,,0.1624300034091593,0.0769961985861996,0.9495659605221818
FDFL,0.0,11,mlp64,2.0,0.2,,0.2167067271767936,0.1644392900141878,2.612185138849917
FDFL,1.0,11,mlp64,2.0,0.2,,0.2155644083519906,0.1466769945929349,2.370734265971939
FDFL,0.0,22,mlp64,2.0,0.2,,0.1255167136046565,0.0711274410532721,0.4802201517963727
FDFL,1.0,22,mlp64,2.0,0.2,,0.1262776081280497,0.0653213563722695,0.4535389591052106
FDFL,0.0,33,mlp64,2.0,0.2,,0.1798105699629821,0.1064072578693264,1.2961695748060262
FDFL,1.0,33,mlp64,2.0,0.2,,0.1805567792588781,0.1005864116787096,1.235721401993865
FDFL,0.0,44,mlp64,2.0,0.2,,0.1361250277559773,0.1015024364049796,0.7840834807581332
FDFL,1.0,44,mlp64,2.0,0.2,,0.1345662356102428,0.0739358141698843,0.682742907691234
FDFL,0.0,55,mlp64,2.0,0.2,,0.1672248871819973,0.1283460384217162,1.823293109754256
FDFL,1.0,55,mlp64,2.0,0.2,,0.1647125806573796,0.0862336106811183,1.4435825206408304
FPLG,0.0,11,mlp64,2.0,0.2,,0.2078690570408741,0.0979277694041525,1.1018852954362726
FPLG,1.0,11,mlp64,2.0,0.2,,0.2147098317545255,0.1005931164783977,1.181575769666243
FPLG,0.0,22,mlp64,2.0,0.2,,0.1140879510615789,0.0237851502336515,0.2949711524476092
FPLG,1.0,22,mlp64,2.0,0.2,,0.1185924792251757,0.0244358375915774,0.301599194050724
FPLG,0.0,33,mlp64,2.0,0.2,,0.192334841366518,0.0628457341343744,0.7245572754790428
FPLG,1.0,33,mlp64,2.0,0.2,,0.1938060108322349,0.0666354358759085,0.7113095894907306
FPLG,0.0,44,mlp64,2.0,0.2,,0.1297678070531269,0.0419269219998848,0.591838235197035
FPLG,1.0,44,mlp64,2.0,0.2,,0.1350046921693924,0.0422513129293875,0.5849825138692315
FPLG,0.0,55,mlp64,2.0,0.2,,0.1553511220540697,0.0783070287532451,0.9159236155709096
FPLG,1.0,55,mlp64,2.0,0.2,,0.163237087640913,0.0720040415141719,1.0148750029910725
FPTO,0.0,11,mlp64,2.0,0.2,,0.212260950023652,0.1079848426554117,0.9876588314990872
FPTO,1.0,11,mlp64,2.0,0.2,,0.2138723246549103,0.1033973722930602,0.9924872168111676
FPTO,0.0,22,mlp64,2.0,0.2,,0.1111280069211609,0.0222178098590168,0.2799626777250409
FPTO,1.0,22,mlp64,2.0,0.2,,0.1228315114657213,0.0214085352829712,0.2809949918168459
FPTO,0.0,33,mlp64,2.0,0.2,,0.2017081089957078,0.0822941830353279,0.65036527044128
FPTO,1.0,33,mlp64,2.0,0.2,,0.197641051212783,0.0802000075525545,0.657905864472322
FPTO,0.0,44,mlp64,2.0,0.2,,0.1422040886400176,0.0550844588070775,0.5344664166636929
FPTO,1.0,44,mlp64,2.0,0.2,,0.1427515164170767,0.0487213474554727,0.5359848074760242
FPTO,0.0,55,mlp64,2.0,0.2,,0.151039609806654,0.1227371139224862,0.8463137149582205
FPTO,1.0,55,mlp64,2.0,0.2,,0.1560912400944924,0.1059763793817987,0.8568735052318907
MGDA,0.0,11,mlp64,2.0,0.2,,0.3418319112956876,0.0888731293219511,1.345883373615641
MGDA,0.0,22,mlp64,2.0,0.2,,0.1495568876902425,0.0360390452017706,0.3591546987646722
MGDA,0.0,33,mlp64,2.0,0.2,,0.1846066764836003,0.0997742718866556,0.7363744918511316
MGDA,0.0,44,mlp64,2.0,0.2,,0.1440801320949309,0.0527373209335657,0.58142882695622
MGDA,0.0,55,mlp64,2.0,0.2,,0.2294625293717401,0.0976129145253915,1.1664901914846093
NashMTL,0.0,11,mlp64,2.0,0.2,,0.197400139936436,0.112410794092669,0.99780043110048
NashMTL,0.0,22,mlp64,2.0,0.2,,0.111596536412832,0.0210172112460214,0.2787914546132735
NashMTL,0.0,33,mlp64,2.0,0.2,,0.1917156883208085,0.0731404499580988,0.6628605318882934
NashMTL,0.0,44,mlp64,2.0,0.2,,0.1332870534060475,0.0556323656300438,0.5229926979915788
NashMTL,0.0,55,mlp64,2.0,0.2,,0.1442535029322668,0.1093899825352596,0.8500612329008653
PCGrad,0.0,11,mlp64,2.0,0.2,,0.2077679053463142,0.1057975378017422,1.0279120276430849
PCGrad,0.0,22,mlp64,2.0,0.2,,0.1113719971724532,0.0253991497844026,0.2916388150211247
PCGrad,0.0,33,mlp64,2.0,0.2,,0.1916669182392651,0.0746694174236964,0.6826578189195193
PCGrad,0.0,44,mlp64,2.0,0.2,,0.1414266766955234,0.0516934110695377,0.5529108746855831
PCGrad,0.0,55,mlp64,2.0,0.2,,0.1570150552776459,0.1012983028537523,0.8770627585381491
SAA,0.0,11,mlp64,2.0,0.2,,0.7239750638009214,0.2948265883651989,3.725311238834924
SAA,0.0,22,mlp64,2.0,0.2,,0.5955606735760172,0.1220893452354967,1.0761319593331644
SAA,0.0,33,mlp64,2.0,0.2,,0.711129817515972,0.138942884736641,1.918614820796613
SAA,0.0,44,mlp64,2.0,0.2,,0.5554711686663948,0.2783045968070582,2.3840487530019567
SAA,0.0,55,mlp64,2.0,0.2,,0.7295707507607534,0.2013664288769559,3.425929879035532
WDRO,0.0,11,mlp64,2.0,0.2,,0.1999013974247823,0.0968125651678215,1.005311854697624
WDRO,0.0,22,mlp64,2.0,0.2,,0.1141144401044542,0.0220474679472911,0.2799648578688101
WDRO,0.0,33,mlp64,2.0,0.2,,0.214817210696102,0.0609447155754582,0.6421665702416843
WDRO,0.0,44,mlp64,2.0,0.2,,0.1445470344400315,0.0433513194413039,0.5483620439436595
WDRO,0.0,55,mlp64,2.0,0.2,,0.1567820003812608,0.1256394407917931,0.8420200507094834
FDFL-0.1,0.0,11,mlp64,2.0,0.4,,0.26067799276992,0.1225100400691031,2.156400171547375
FDFL-0.1,1.0,11,mlp64,2.0,0.4,,0.2547534035054934,0.1075230110247793,1.9099534837690169
FDFL-0.1,0.0,22,mlp64,2.0,0.4,,0.1581140570357623,0.1028188863740685,0.5051928175410058
FDFL-0.1,1.0,22,mlp64,2.0,0.4,,0.1477688477448537,0.0878149077287422,0.4609399478892709
FDFL-0.1,0.0,33,mlp64,2.0,0.4,,0.2078567829340701,0.1094569748643384,1.2323811883103073
FDFL-0.1,1.0,33,mlp64,2.0,0.4,,0.2090433242197109,0.0865816716153979,1.111699061613575
FDFL-0.1,0.0,44,mlp64,2.0,0.4,,0.1640876850386781,0.0686852330854215,0.8069766627921382
FDFL-0.1,1.0,44,mlp64,2.0,0.4,,0.1580840703295676,0.070501403238281,0.808934791869252
FDFL-0.1,0.0,55,mlp64,2.0,0.4,,0.2033696030806601,0.0953336717429393,1.1901219868797164
FDFL-0.1,1.0,55,mlp64,2.0,0.4,,0.1991011737315662,0.0800802220540568,1.2526006595269206
FDFL-0.5,0.0,11,mlp64,2.0,0.4,,0.259003945552071,0.1183400343506568,1.9869313702807976
FDFL-0.5,1.0,11,mlp64,2.0,0.4,,0.2551283076741979,0.1123700258495991,1.8738013373086704
FDFL-0.5,0.0,22,mlp64,2.0,0.4,,0.152675284455654,0.0918827935687722,0.4884929876238139
FDFL-0.5,1.0,22,mlp64,2.0,0.4,,0.1519911185442823,0.0729448386292772,0.4544673659201281
FDFL-0.5,0.0,33,mlp64,2.0,0.4,,0.2123810931882315,0.1020064760428518,1.174004340612701
FDFL-0.5,1.0,33,mlp64,2.0,0.4,,0.2111824910513468,0.0938939261674382,1.1339135705743622
FDFL-0.5,0.0,44,mlp64,2.0,0.4,,0.1594549917516143,0.0674433202014439,0.7463927476161004
FDFL-0.5,1.0,44,mlp64,2.0,0.4,,0.1593161626338549,0.0565329389628909,0.7392870611298691
FDFL-0.5,0.0,55,mlp64,2.0,0.4,,0.1902054636497041,0.1356792337600269,1.1471234764568186
FDFL-0.5,1.0,55,mlp64,2.0,0.4,,0.1907761568181101,0.1089179598336366,1.203705501132474
FDFL-Scal,0.0,11,mlp64,2.0,0.4,,0.2610720159857673,0.1043360301840337,1.6595212763733684
FDFL-Scal,1.0,11,mlp64,2.0,0.4,,0.2582890121858679,0.1052167703582782,1.6673778742701737
FDFL-Scal,0.0,22,mlp64,2.0,0.4,,0.1510045781403803,0.064526524892734,0.4397648194462898
FDFL-Scal,1.0,22,mlp64,2.0,0.4,,0.1498928202053897,0.0536807427584398,0.4208236347605144
FDFL-Scal,0.0,33,mlp64,2.0,0.4,,0.2110338725748335,0.0811647338918863,1.05495021688883
FDFL-Scal,1.0,33,mlp64,2.0,0.4,,0.2125666026831889,0.0768089986606535,1.04264277787083
FDFL-Scal,0.0,44,mlp64,2.0,0.4,,0.1625470464247795,0.0768054896490701,0.7192220292320826
FDFL-Scal,1.0,44,mlp64,2.0,0.4,,0.1592621179231036,0.0587454517601817,0.7320309126678511
FDFL-Scal,0.0,55,mlp64,2.0,0.4,,0.1842592899697002,0.1883342075636851,1.1108838283942013
FDFL-Scal,1.0,55,mlp64,2.0,0.4,,0.189592872682476,0.1264162000729729,1.1525668844381085
FDFL,0.0,11,mlp64,2.0,0.4,,0.2630689211784606,0.1782215327558584,2.8113352416695463
FDFL,1.0,11,mlp64,2.0,0.4,,0.2669773629790121,0.1476386383677109,2.484992994266787
FDFL,0.0,22,mlp64,2.0,0.4,,0.1533824814644666,0.1336672698445435,0.5838939971053421
FDFL,1.0,22,mlp64,2.0,0.4,,0.1526781395980455,0.1004446775337019,0.5082596132302754
FDFL,0.0,33,mlp64,2.0,0.4,,0.2115820848458651,0.1347213044621502,1.331966076408156
FDFL,1.0,33,mlp64,2.0,0.4,,0.2096291263236545,0.1221312585955937,1.276820620700695
FDFL,0.0,44,mlp64,2.0,0.4,,0.1590378536965909,0.2183138421112141,1.1269124768610712
FDFL,1.0,44,mlp64,2.0,0.4,,0.1661891962013153,0.0769306491943364,0.8304012363132096
FDFL,0.0,55,mlp64,2.0,0.4,,0.1909961092946803,0.2188831591793612,2.0299034958863302
FDFL,1.0,55,mlp64,2.0,0.4,,0.1927769967698384,0.098627741662576,1.4890420802743525
FPLG,0.0,11,mlp64,2.0,0.4,,0.2566589426915967,0.1542514362561121,1.3687652954757832
FPLG,1.0,11,mlp64,2.0,0.4,,0.2643572416774122,0.1169360245542048,1.545021065086143
FPLG,0.0,22,mlp64,2.0,0.4,,0.1508036731496079,0.0283580252862405,0.3709773888868801
FPLG,1.0,22,mlp64,2.0,0.4,,0.151564345023905,0.0297742998811044,0.37281934864581
FPLG,0.0,33,mlp64,2.0,0.4,,0.2181238176310831,0.1164539927241982,0.8736229567929772
FPLG,1.0,33,mlp64,2.0,0.4,,0.2196011703331751,0.0761944192672818,0.9074444472899494
FPLG,0.0,44,mlp64,2.0,0.4,,0.1569138223204016,0.0558327104642317,0.7205339201313915
FPLG,1.0,44,mlp64,2.0,0.4,,0.1581873333845044,0.059035877972211,0.7530410059072027
FPLG,0.0,55,mlp64,2.0,0.4,,0.2019867512419234,0.1081422925922479,1.123062940012035
FPLG,1.0,55,mlp64,2.0,0.4,,0.198345889163713,0.0832263536078615,1.221722560974946
FPTO,0.0,11,mlp64,2.0,0.4,,0.2381639161242101,0.2207921894007121,1.1750950834272125
FPTO,1.0,11,mlp64,2.0,0.4,,0.2371621523353761,0.1851385117842615,1.2153439020784953
FPTO,0.0,22,mlp64,2.0,0.4,,0.151106761882486,0.0300460723540548,0.344450826247805
FPTO,1.0,22,mlp64,2.0,0.4,,0.1512358766597164,0.0270859996372165,0.3524144842234468
FPTO,0.0,33,mlp64,2.0,0.4,,0.223327430771752,0.1552210058351563,0.788655373247725
FPTO,1.0,33,mlp64,2.0,0.4,,0.2251050029244557,0.1412119739885869,0.8118928510516643
FPTO,0.0,44,mlp64,2.0,0.4,,0.1571442256214325,0.1189407807831822,0.6620705461827814
FPTO,1.0,44,mlp64,2.0,0.4,,0.1669372997256441,0.0771436729993511,0.6629843595437094
FPTO,0.0,55,mlp64,2.0,0.4,,0.1954428700752654,0.2181375458453678,1.014464857920944
FPTO,1.0,55,mlp64,2.0,0.4,,0.200574483841398,0.1559686194379264,1.0617022801946288
MGDA,0.0,11,mlp64,2.0,0.4,,0.2883277048406521,0.1384770869049787,1.4938240370697125
MGDA,0.0,22,mlp64,2.0,0.4,,0.1615334303813292,0.0298757449263334,0.3785798989997246
MGDA,0.0,33,mlp64,2.0,0.4,,0.2483216119063693,0.129188226352841,0.8889891474120237
MGDA,0.0,44,mlp64,2.0,0.4,,0.1912600550533033,0.1096539989501977,0.6840445377589596
MGDA,0.0,55,mlp64,2.0,0.4,,0.2231527749970087,0.1157092660240364,1.249955575913204
NashMTL,0.0,11,mlp64,2.0,0.4,,0.2563376219100531,0.2379606557364329,1.1969842032136702
NashMTL,0.0,22,mlp64,2.0,0.4,,0.1404463273636209,0.0245001945963698,0.3399337113725715
NashMTL,0.0,33,mlp64,2.0,0.4,,0.2205294648545797,0.1432727249956243,0.8133318241841894
NashMTL,0.0,44,mlp64,2.0,0.4,,0.1511117027076126,0.1157747322801248,0.655705101001894
NashMTL,0.0,55,mlp64,2.0,0.4,,0.1970724569106958,0.2268077883632777,1.0087859759754
PCGrad,0.0,11,mlp64,2.0,0.4,,0.2470150077716267,0.1321970660436693,1.3597749974754243
PCGrad,0.0,22,mlp64,2.0,0.4,,0.1474414865207798,0.0291522038678086,0.3623108358746237
PCGrad,0.0,33,mlp64,2.0,0.4,,0.2036849972352148,0.1077636062093077,0.8214122554605603
PCGrad,0.0,44,mlp64,2.0,0.4,,0.1580513562924738,0.0721404438537667,0.694667727409647
PCGrad,0.0,55,mlp64,2.0,0.4,,0.1961917629036983,0.1859679765194919,1.0087029505561418
SAA,0.0,11,mlp64,2.0,0.4,,0.7157316536552943,0.3041178302573325,3.902624527417253
SAA,0.0,22,mlp64,2.0,0.4,,0.594850147233842,0.1678365872444244,1.1447435195904243
SAA,0.0,33,mlp64,2.0,0.4,,0.7068879724208619,0.1626707708821563,2.045159164685175
SAA,0.0,44,mlp64,2.0,0.4,,0.5551636538199239,0.3200367557907634,2.47577154462866
SAA,0.0,55,mlp64,2.0,0.4,,0.7253304040423818,0.2101535906970011,3.5722294114251016
WDRO,0.0,11,mlp64,2.0,0.4,,0.2415777529582037,0.1921811953544132,1.1956228828332762
WDRO,0.0,22,mlp64,2.0,0.4,,0.1382744233115576,0.0258342820774707,0.3465028732490346
WDRO,0.0,33,mlp64,2.0,0.4,,0.2373345650022807,0.1157200565154715,0.7731343491341198
WDRO,0.0,44,mlp64,2.0,0.4,,0.1659774834425292,0.0870633457666555,0.6767245341457394
WDRO,0.0,55,mlp64,2.0,0.4,,0.1949336085375376,0.2141923194304811,1.016577370327128
FDFL-0.1,0.0,11,mlp64,2.0,0.6,,0.2982307041329586,0.2040647837891302,2.970805126423016
FDFL-0.1,1.0,11,mlp64,2.0,0.6,,0.3006821834526245,0.1574086152180269,2.628389577746708
FDFL-0.1,0.0,22,mlp64,2.0,0.6,,0.1690468047591059,0.18093879405616,0.6625561202925204
FDFL-0.1,1.0,22,mlp64,2.0,0.6,,0.1668992326994799,0.1161232173433116,0.559237076187027
FDFL-0.1,0.0,33,mlp64,2.0,0.6,,0.2323931106272546,0.2096022419234316,1.6930225404116497
FDFL-0.1,1.0,33,mlp64,2.0,0.6,,0.2364197103776787,0.1666407627413201,1.5587151347210475
FDFL-0.1,0.0,44,mlp64,2.0,0.6,,0.1638819733352092,0.1831461890054656,1.1186390370324608
FDFL-0.1,1.0,44,mlp64,2.0,0.6,,0.1630683929714585,0.0745080898087736,0.9524599021395408
FDFL-0.1,0.0,55,mlp64,2.0,0.6,,0.2131861176398135,0.2310250643636983,2.164026952266412
FDFL-0.1,1.0,55,mlp64,2.0,0.6,,0.2108117193434819,0.1066402422399918,1.6362931187308358
FDFL-0.5,0.0,11,mlp64,2.0,0.6,,0.3008562674057541,0.1345797743647742,2.2707535771721608
FDFL-0.5,1.0,11,mlp64,2.0,0.6,,0.3026328083016439,0.1270865957514169,2.081533558179159
FDFL-0.5,0.0,22,mlp64,2.0,0.6,,0.1673572907627918,0.1391588215522352,0.5938071770693756
FDFL-0.5,1.0,22,mlp64,2.0,0.6,,0.1672405586642772,0.0874056213578999,0.5242428713597362
FDFL-0.5,0.0,33,mlp64,2.0,0.6,,0.2342656964396234,0.1444091770172457,1.48993384006691
FDFL-0.5,1.0,33,mlp64,2.0,0.6,,0.2292099389674528,0.1172953669446148,1.3712542907114151
FDFL-0.5,0.0,44,mlp64,2.0,0.6,,0.1631161963026892,0.103384558708451,0.9157622432512044
FDFL-0.5,1.0,44,mlp64,2.0,0.6,,0.1597741909417194,0.0736016797157384,0.9343803752193488
FDFL-0.5,0.0,55,mlp64,2.0,0.6,,0.2064096820137573,0.2296197696473471,1.400963486370045
FDFL-0.5,1.0,55,mlp64,2.0,0.6,,0.2081548927869252,0.14316652657187,1.5149589044613845
FDFL-Scal,0.0,11,mlp64,2.0,0.6,,0.3030470024386379,0.2105560290820923,1.819125363828174
FDFL-Scal,1.0,11,mlp64,2.0,0.6,,0.2968712034379069,0.1940893325700835,1.794468349784584
FDFL-Scal,0.0,22,mlp64,2.0,0.6,,0.1611283881269464,0.0468605927226365,0.4786978503762605
FDFL-Scal,1.0,22,mlp64,2.0,0.6,,0.1735866393909237,0.0439870928843878,0.4802748801622788
FDFL-Scal,0.0,33,mlp64,2.0,0.6,,0.2291656700827173,0.1286658080459422,1.125055483401119
FDFL-Scal,1.0,33,mlp64,2.0,0.6,,0.2244174451135747,0.1140560929330813,1.1089055905476075
FDFL-Scal,0.0,44,mlp64,2.0,0.6,,0.1668351512542928,0.1167544516152534,0.8961579718457753
FDFL-Scal,1.0,44,mlp64,2.0,0.6,,0.1602031511879785,0.0786955480185667,0.9129781875827716
FDFL-Scal,0.0,55,mlp64,2.0,0.6,,0.2147418077923603,0.213223610203041,1.2923983443004543
FDFL-Scal,1.0,55,mlp64,2.0,0.6,,0.2196226751944966,0.1364266059106457,1.4054888816042133
FDFL,0.0,11,mlp64,2.0,0.6,,0.3091676849582147,0.1533866271384964,2.64778641951911
FDFL,1.0,11,mlp64,2.0,0.6,,0.2979500685145124,0.1286765400170027,2.258769051013269
FDFL,0.0,22,mlp64,2.0,0.6,,0.1733455904429788,0.1538467571886212,0.6029453612078614
FDFL,1.0,22,mlp64,2.0,0.6,,0.172112001249011,0.0819939938056512,0.5253584338478998
FDFL,0.0,33,mlp64,2.0,0.6,,0.2258650101204478,0.1676762577579064,1.55902654287407
FDFL,1.0,33,mlp64,2.0,0.6,,0.2282023526662321,0.1083936871249748,1.3491795261710529
FDFL,0.0,44,mlp64,2.0,0.6,,0.161924296557377,0.2368079904352601,1.176782232983761
FDFL,1.0,44,mlp64,2.0,0.6,,0.1652258674261586,0.0852070826485596,1.0027831494297008
FDFL,0.0,55,mlp64,2.0,0.6,,0.2111916259725834,0.1684672805525569,1.8503326879259008
FDFL,1.0,55,mlp64,2.0,0.6,,0.219327418106569,0.1081922686020018,1.6194398540129626
FPLG,0.0,11,mlp64,2.0,0.6,,0.2870672783301967,0.2523702995027723,1.5757335868594409
FPLG,1.0,11,mlp64,2.0,0.6,,0.2898942577487959,0.128747931457976,1.8301682277706948
FPLG,0.0,22,mlp64,2.0,0.6,,0.161146641853576,0.0336610020813932,0.4520984628826172
FPLG,1.0,22,mlp64,2.0,0.6,,0.1623723637083808,0.0341907971025727,0.4530491716467469
FPLG,0.0,33,mlp64,2.0,0.6,,0.239535540317568,0.1603779421177378,1.0337276078100204
FPLG,1.0,33,mlp64,2.0,0.6,,0.240339850891186,0.0994094218985279,1.1054743680467236
FPLG,0.0,44,mlp64,2.0,0.6,,0.1715903481900744,0.0661391545794916,0.9013189076946028
FPLG,1.0,44,mlp64,2.0,0.6,,0.1780292390395451,0.073594424392052,0.9541361456597988
FPLG,0.0,55,mlp64,2.0,0.6,,0.2130767304802198,0.1436087019679552,1.3676091629827891
FPLG,1.0,55,mlp64,2.0,0.6,,0.2138043139367401,0.107603505776927,1.5273262054728174
FPTO,0.0,11,mlp64,2.0,0.6,,0.2717408174772617,0.344290479259823,1.3797607619944088
FPTO,1.0,11,mlp64,2.0,0.6,,0.2662091372409204,0.2458985456642781,1.457926874949662
FPTO,0.0,22,mlp64,2.0,0.6,,0.1666245664237028,0.0487582963654253,0.4229952163727992
FPTO,1.0,22,mlp64,2.0,0.6,,0.1673925830298273,0.0321253019495318,0.4320282951542309
FPTO,0.0,33,mlp64,2.0,0.6,,0.2424629809240503,0.2364538025893575,0.943059909209962
FPTO,1.0,33,mlp64,2.0,0.6,,0.2450325237367536,0.1632467104988534,0.9770825928699808
FPTO,0.0,44,mlp64,2.0,0.6,,0.1699999300667786,0.1944849476476988,0.81741085720922
FPTO,1.0,44,mlp64,2.0,0.6,,0.2154556383248787,0.0925218816353798,0.8300699782022135
FPTO,0.0,55,mlp64,2.0,0.6,,0.22425108224392,0.3179902565686438,1.2010174455883251
FPTO,1.0,55,mlp64,2.0,0.6,,0.2445087838544666,0.1770631590247015,1.292140527647066
MGDA,0.0,11,mlp64,2.0,0.6,,0.2970990738308978,0.1521639563961502,1.751663048191636
MGDA,0.0,22,mlp64,2.0,0.6,,0.1765265391059312,0.0338065704361271,0.4557223169935346
MGDA,0.0,33,mlp64,2.0,0.6,,0.2610912101247325,0.1270631257844504,1.0542286415159745
MGDA,0.0,44,mlp64,2.0,0.6,,0.2174178192375573,0.0630522725599583,0.8888892588345166
MGDA,0.0,55,mlp64,2.0,0.6,,0.2375323043271439,0.1139917397083297,1.4610440540419172
NashMTL,0.0,11,mlp64,2.0,0.6,,0.2929436915228161,0.3755576126891847,1.409088523475278
NashMTL,0.0,22,mlp64,2.0,0.6,,0.1511338744051943,0.0468579949881887,0.4210563162658071
NashMTL,0.0,33,mlp64,2.0,0.6,,0.2294086726032372,0.2232312083653903,0.9601704402960894
NashMTL,0.0,44,mlp64,2.0,0.6,,0.158378322195721,0.1907320097499397,0.8066081108751544
NashMTL,0.0,55,mlp64,2.0,0.6,,0.2114532663107807,0.3119912218294815,1.2185543827509673
PCGrad,0.0,11,mlp64,2.0,0.6,,0.2836380380824633,0.190720047655737,1.586058273735998
PCGrad,0.0,22,mlp64,2.0,0.6,,0.1673878592113197,0.0317538572483341,0.4485312667843891
PCGrad,0.0,33,mlp64,2.0,0.6,,0.2295479126125419,0.1454187947845115,1.0125185892935542
PCGrad,0.0,44,mlp64,2.0,0.6,,0.1579410523814308,0.0943178259869415,0.8421897772245726
PCGrad,0.0,55,mlp64,2.0,0.6,,0.2154943231472809,0.1672070829351446,1.3126810660231212
SAA,0.0,11,mlp64,2.0,0.6,,0.7166031461265184,0.3170125210731843,4.104742611357003
SAA,0.0,22,mlp64,2.0,0.6,,0.5919237907672249,0.2202363160095923,1.2276499484778716
SAA,0.0,33,mlp64,2.0,0.6,,0.7039072088446033,0.1838468389604519,2.19356588230514
SAA,0.0,44,mlp64,2.0,0.6,,0.5491292019453379,0.3555755200672833,2.591598060908002
SAA,0.0,55,mlp64,2.0,0.6,,0.7206608293007745,0.2251679990582377,3.742062419016857
WDRO,0.0,11,mlp64,2.0,0.6,,0.2673425860744008,0.2996358472730929,1.4021148625622024
WDRO,0.0,22,mlp64,2.0,0.6,,0.1501798973641476,0.0328757096653369,0.4245278867095081
WDRO,0.0,33,mlp64,2.0,0.6,,0.2530826308781012,0.1815949285539038,0.9263636994941532
WDRO,0.0,44,mlp64,2.0,0.6,,0.1793558425358948,0.1473025263130983,0.8373477294213197
WDRO,0.0,55,mlp64,2.0,0.6,,0.224529668745535,0.3083283524566619,1.2133648529362058
FDFL-0.1,0.0,11,mlp64,2.0,0.8,,0.3033800756417826,0.1865056204530987,2.9380489609877865
FDFL-0.1,1.0,11,mlp64,2.0,0.8,,0.3043938528747434,0.1455525160854986,2.522356134029569
FDFL-0.1,0.0,22,mlp64,2.0,0.8,,0.1659954120387579,0.2507626995361,0.7734297446316334
FDFL-0.1,1.0,22,mlp64,2.0,0.8,,0.1697545849233732,0.0793261663170331,0.6098446321536756
FDFL-0.1,0.0,33,mlp64,2.0,0.8,,0.2167249022909881,0.2786497928062657,1.972177344421001
FDFL-0.1,1.0,33,mlp64,2.0,0.8,,0.2157024976015219,0.1978962680278658,1.755220169256962
FDFL-0.1,0.0,44,mlp64,2.0,0.8,,0.1701487330453513,0.2303736261252553,1.338670058509624
FDFL-0.1,1.0,44,mlp64,2.0,0.8,,0.1750508728125057,0.0895717116693511,1.182231493442972
FDFL-0.1,0.0,55,mlp64,2.0,0.8,,0.2350195307663923,0.2689801876013643,2.298343201317123
FDFL-0.1,1.0,55,mlp64,2.0,0.8,,0.2329671456704035,0.1243510144657689,1.8606757967037293
FDFL-0.5,0.0,11,mlp64,2.0,0.8,,0.307785737204264,0.2307469376089901,2.020349709795916
FDFL-0.5,1.0,11,mlp64,2.0,0.8,,0.3053760427251971,0.182583691078595,2.126427417124666
FDFL-0.5,0.0,22,mlp64,2.0,0.8,,0.1866849572679549,0.0411849436291393,0.5847676849103468
FDFL-0.5,1.0,22,mlp64,2.0,0.8,,0.1733100630306077,0.0421735726538576,0.5943011350674906
FDFL-0.5,0.0,33,mlp64,2.0,0.8,,0.2150829369935611,0.1120004870112562,1.3753214026981202
FDFL-0.5,1.0,33,mlp64,2.0,0.8,,0.210930228148113,0.1175743948608933,1.3141490232838506
FDFL-0.5,0.0,44,mlp64,2.0,0.8,,0.1553660462191907,0.1546717833861496,1.0747500265389454
FDFL-0.5,1.0,44,mlp64,2.0,0.8,,0.16271736432983,0.0844237004897609,1.113907491214492
FDFL-0.5,0.0,55,mlp64,2.0,0.8,,0.230008802540643,0.2610606372631547,1.5776434838722813
FDFL-0.5,1.0,55,mlp64,2.0,0.8,,0.2264168897183109,0.1205076612894042,1.6994013783448636
FDFL-Scal,0.0,11,mlp64,2.0,0.8,,0.2983587179972711,0.3246583019318639,1.95886176996329
FDFL-Scal,1.0,11,mlp64,2.0,0.8,,0.3028778091843153,0.2656990052513359,1.99944390765942
FDFL-Scal,0.0,22,mlp64,2.0,0.8,,0.1660931419110001,0.0384724977448731,0.5804126683816555
FDFL-Scal,1.0,22,mlp64,2.0,0.8,,0.1775340491492683,0.0466934161335868,0.5905728242220132
FDFL-Scal,0.0,33,mlp64,2.0,0.8,,0.2095170102470095,0.1816212210875007,1.2632550405902707
FDFL-Scal,1.0,33,mlp64,2.0,0.8,,0.2064359377182421,0.1550359420339555,1.253568752644319
FDFL-Scal,0.0,44,mlp64,2.0,0.8,,0.1576071590702776,0.2013111367069972,1.0632572881959734
FDFL-Scal,1.0,44,mlp64,2.0,0.8,,0.1559160305689912,0.0910473285786658,1.0673592926456854
FDFL-Scal,0.0,55,mlp64,2.0,0.8,,0.2366963297382022,0.31283194789832,1.5547959462795782
FDFL-Scal,1.0,55,mlp64,2.0,0.8,,0.2333671880945061,0.1514913016896165,1.6111396519814944
FDFL,0.0,11,mlp64,2.0,0.8,,0.3046646137569139,0.2585956315048553,3.284432208370757
FDFL,1.0,11,mlp64,2.0,0.8,,0.3020431486194754,0.1530065084830955,2.670079891599725
FDFL,0.0,22,mlp64,2.0,0.8,,0.1660335316463665,0.2842181678357163,0.8253187423625317
FDFL,1.0,22,mlp64,2.0,0.8,,0.1714034764792012,0.0778744159616343,0.6109180819547574
FDFL,0.0,33,mlp64,2.0,0.8,,0.216601016674229,0.3056566763692772,2.04636862461902
FDFL,1.0,33,mlp64,2.0,0.8,,0.2142545023825962,0.2165699095273316,1.789436233742001
FDFL,0.0,44,mlp64,2.0,0.8,,0.171863563699246,0.5803964458851448,1.8128453396908148
FDFL,1.0,44,mlp64,2.0,0.8,,0.1678370855609721,0.0886905409104754,1.2046516847388653
FDFL,0.0,55,mlp64,2.0,0.8,,0.235513528997957,0.5359814827217037,3.0142167750155027
FDFL,1.0,55,mlp64,2.0,0.8,,0.2323708453331863,0.1244563686636576,1.893574339468644
FPLG,0.0,11,mlp64,2.0,0.8,,0.3042228306616948,0.3456397386968907,1.7966683941298691
FPLG,1.0,11,mlp64,2.0,0.8,,0.3002599883194121,0.1448663664063381,2.216619899744729
FPLG,0.0,22,mlp64,2.0,0.8,,0.1736560174644126,0.0421165164009322,0.5527156384986678
FPLG,1.0,22,mlp64,2.0,0.8,,0.1761285863603832,0.0457956902622068,0.5578719152630911
FPLG,0.0,33,mlp64,2.0,0.8,,0.2238200615495984,0.1757937607689913,1.285813214326455
FPLG,1.0,33,mlp64,2.0,0.8,,0.2127166228421086,0.1291199767352751,1.3178131992774889
FPLG,0.0,44,mlp64,2.0,0.8,,0.1561300666158388,0.0802634700493638,1.0781671388483889
FPLG,1.0,44,mlp64,2.0,0.8,,0.1603462986941198,0.0774842826192963,1.1228388764091244
FPLG,0.0,55,mlp64,2.0,0.8,,0.2259714451973014,0.1458972743259514,1.6446376136047758
FPLG,1.0,55,mlp64,2.0,0.8,,0.2333161050432514,0.1201943485346686,1.809437166205496
FPTO,0.0,11,mlp64,2.0,0.8,,0.2794834223737803,0.4671722427608489,1.6008991400913226
FPTO,1.0,11,mlp64,2.0,0.8,,0.2725637689648575,0.3117734563507932,1.7149092618640165
FPTO,0.0,22,mlp64,2.0,0.8,,0.1783554797394442,0.067780355024571,0.5148034820358448
FPTO,1.0,22,mlp64,2.0,0.8,,0.1739934119258633,0.0404794316137191,0.525798384504339
FPTO,0.0,33,mlp64,2.0,0.8,,0.2150832156016,0.3133026958399682,1.114061540410574
FPTO,1.0,33,mlp64,2.0,0.8,,0.2225218998160237,0.2139820902813681,1.1518005462781988
FPTO,0.0,44,mlp64,2.0,0.8,,0.171978774725944,0.274796583251582,0.9976375285718634
FPTO,1.0,44,mlp64,2.0,0.8,,0.2040876099464002,0.1089254692904913,1.0145473448027351
FPTO,0.0,55,mlp64,2.0,0.8,,0.2331584358194922,0.4324054818246876,1.4222013426986946
FPTO,1.0,55,mlp64,2.0,0.8,,0.2517602461860309,0.1932643041044674,1.5386840759064668
MGDA,0.0,11,mlp64,2.0,0.8,,0.3338635477445662,0.1834365887293184,1.9771298904380017
MGDA,0.0,22,mlp64,2.0,0.8,,0.1802371661363522,0.038868026073748,0.5392194836688965
MGDA,0.0,33,mlp64,2.0,0.8,,0.2280627605142575,0.1331140737608236,1.2001696934269557
MGDA,0.0,44,mlp64,2.0,0.8,,0.1968697710927319,0.2041841438797874,1.0212050930711996
MGDA,0.0,55,mlp64,2.0,0.8,,0.2488054233191231,0.1571598580606385,1.688192247462512
NashMTL,0.0,11,mlp64,2.0,0.8,,0.2949736345409298,0.4479379889028335,1.624850315887412
NashMTL,0.0,22,mlp64,2.0,0.8,,0.1585918829717446,0.0584361320177847,0.5150370452679408
NashMTL,0.0,33,mlp64,2.0,0.8,,0.2190778933860835,0.3250950453857223,1.1281450358063188
NashMTL,0.0,44,mlp64,2.0,0.8,,0.1647545602599391,0.2598892251492946,0.9865410896902816
NashMTL,0.0,55,mlp64,2.0,0.8,,0.2262290665960872,0.4177915269927951,1.4246049426338696
PCGrad,0.0,11,mlp64,2.0,0.8,,0.3006286828159734,0.2297754552455306,1.9189317462966569
PCGrad,0.0,22,mlp64,2.0,0.8,,0.1663079237346387,0.0364234701406791,0.5299861917225794
PCGrad,0.0,33,mlp64,2.0,0.8,,0.2097616470780146,0.1814357569618315,1.1890264812549851
PCGrad,0.0,44,mlp64,2.0,0.8,,0.1626830556756615,0.0851141565931188,1.058867328432783
PCGrad,0.0,55,mlp64,2.0,0.8,,0.2344165018214275,0.1881257240080785,1.5778175800390712
SAA,0.0,11,mlp64,2.0,0.8,,0.7249681521158846,0.3303462082784924,4.329028054972116
SAA,0.0,22,mlp64,2.0,0.8,,0.5936088926036636,0.2732837141796015,1.3242490324781608
SAA,0.0,33,mlp64,2.0,0.8,,0.7084762861750116,0.201333759793432,2.362198268209265
SAA,0.0,44,mlp64,2.0,0.8,,0.5351741988743035,0.3834939301941402,2.7297595309875384
SAA,0.0,55,mlp64,2.0,0.8,,0.718380852108608,0.2427836106097044,3.932984998729164
WDRO,0.0,11,mlp64,2.0,0.8,,0.2791376059405248,0.4008552455545865,1.623950858161865
WDRO,0.0,22,mlp64,2.0,0.8,,0.1651808571810575,0.0412764639346054,0.5102276459563669
WDRO,0.0,33,mlp64,2.0,0.8,,0.2356934295335268,0.2506166026079157,1.1015671345997182
WDRO,0.0,44,mlp64,2.0,0.8,,0.2093211556897349,0.2015500426513629,1.0472447029022904
WDRO,0.0,55,mlp64,2.0,0.8,,0.2444728635075646,0.3920264398645929,1.4641240771353394
